id;timestamp;eventType;packageName;eventLabel
1;1767374310429;16;android;SCREEN_OFF
2;1767374310968;2;com.google.android.apps.nexuslauncher;APP_CLOSE
3;1767374315488;17;android;LOCK
4;1767374505174;15;android;SCREEN_ON
5;1767374522782;16;android;SCREEN_OFF
6;1767374536134;15;android;SCREEN_ON
7;1767374659684;16;android;SCREEN_OFF
8;1767374679916;15;android;SCREEN_ON
9;1767374689905;16;android;SCREEN_OFF
10;1767374760908;15;android;SCREEN_ON
11;1767374761964;1;com.google.android.apps.nexuslauncher;APP_OPEN
12;1767374762402;18;android;UNLOCK
13;1767374798259;2;com.google.android.apps.nexuslauncher;APP_CLOSE
14;1767374798672;1;com.focux.pulse;APP_OPEN
15;1767374810333;2;com.focux.pulse;APP_CLOSE
16;1767374810352;1;com.google.android.apps.nexuslauncher;APP_OPEN
17;1767374816580;2;com.google.android.apps.nexuslauncher;APP_CLOSE
18;1767374816583;1;com.focux.pulse;APP_OPEN
19;1767374817132;1;com.google.android.apps.nexuslauncher;APP_OPEN
20;1767374817999;2;com.focux.pulse;APP_CLOSE
21;1767374820310;2;com.google.android.apps.nexuslauncher;APP_CLOSE
22;1767374820601;1;com.focux.pulse;APP_OPEN
23;1767374821769;2;com.focux.pulse;APP_CLOSE
24;1767374821773;1;com.android.settings;APP_OPEN
25;1767374821936;2;com.android.settings;APP_CLOSE
26;1767374821937;1;com.android.settings;APP_OPEN
27;1767374834081;2;com.android.settings;APP_CLOSE
28;1767374834081;1;com.focux.pulse;APP_OPEN
29;1767374834952;2;com.focux.pulse;APP_CLOSE
30;1767374834956;1;com.android.settings;APP_OPEN
31;1767374835011;2;com.android.settings;APP_CLOSE
32;1767374835013;1;com.android.settings;APP_OPEN
33;1767374835943;1;com.google.android.apps.nexuslauncher;APP_OPEN
34;1767374836496;2;com.android.settings;APP_CLOSE
35;1767374955918;16;android;SCREEN_OFF
36;1767374956494;2;com.google.android.apps.nexuslauncher;APP_CLOSE
37;1767374960980;17;android;LOCK
38;1767375025027;1;com.android.settings;APP_OPEN
39;1767375025032;2;com.android.settings;APP_CLOSE
40;1767375048902;15;android;SCREEN_ON
41;1767375055392;1;com.android.settings;APP_OPEN
42;1767375055834;18;android;UNLOCK
43;1767375082068;1;com.google.android.apps.nexuslauncher;APP_OPEN
44;1767375082980;2;com.android.settings;APP_CLOSE
45;1767375084527;2;com.google.android.apps.nexuslauncher;APP_CLOSE
46;1767375084814;1;com.focux.pulse;APP_OPEN
47;1767375087589;2;com.focux.pulse;APP_CLOSE
48;1767375087592;1;com.android.settings;APP_OPEN
49;1767375087623;2;com.android.settings;APP_CLOSE
50;1767375087624;1;com.android.settings;APP_OPEN
51;1767375094092;2;com.android.settings;APP_CLOSE
52;1767375094094;1;com.focux.pulse;APP_OPEN
53;1767375094094;1;com.focux.pulse;APP_OPEN
54;1767375101661;1;com.google.android.apps.nexuslauncher;APP_OPEN
55;1767375102540;2;com.focux.pulse;APP_CLOSE
56;1767375103712;2;com.google.android.apps.nexuslauncher;APP_CLOSE
57;1767375104022;1;com.focux.pulse;APP_OPEN
58;1767375107230;1;com.google.android.apps.nexuslauncher;APP_OPEN
59;1767375107765;2;com.focux.pulse;APP_CLOSE
60;1767375108330;16;android;SCREEN_OFF
61;1767375108826;2;com.google.android.apps.nexuslauncher;APP_CLOSE
62;1767375108997;17;android;LOCK
63;1767375229337;15;android;SCREEN_ON
64;1767375230814;1;com.google.android.apps.nexuslauncher;APP_OPEN
65;1767375231240;18;android;UNLOCK
66;1767375234255;2;com.google.android.apps.nexuslauncher;APP_CLOSE
67;1767375234260;1;com.whatsapp;APP_OPEN
68;1767375238901;2;com.whatsapp;APP_CLOSE
69;1767375238903;1;com.whatsapp;APP_OPEN
70;1767375239672;2;com.whatsapp;APP_CLOSE
71;1767375239676;1;com.whatsapp;APP_OPEN
72;1767375246581;2;com.whatsapp;APP_CLOSE
73;1767375246587;1;com.whatsapp;APP_OPEN
74;1767375252134;2;com.whatsapp;APP_CLOSE
75;1767375252135;1;com.whatsapp;APP_OPEN
76;1767375252159;2;com.whatsapp;APP_CLOSE
77;1767375252165;1;com.whatsapp;APP_OPEN
78;1767375253683;2;com.whatsapp;APP_CLOSE
79;1767375253684;1;com.whatsapp;APP_OPEN
80;1767375256635;2;com.whatsapp;APP_CLOSE
81;1767375256640;1;com.whatsapp;APP_OPEN
82;1767375277597;2;com.whatsapp;APP_CLOSE
83;1767375277598;1;com.whatsapp;APP_OPEN
84;1767375281086;2;com.whatsapp;APP_CLOSE
85;1767375281089;1;com.whatsapp;APP_OPEN
86;1767375299811;2;com.whatsapp;APP_CLOSE
87;1767375299813;1;com.whatsapp;APP_OPEN
88;1767375300851;2;com.whatsapp;APP_CLOSE
89;1767375300855;1;com.whatsapp;APP_OPEN
90;1767375361937;2;com.whatsapp;APP_CLOSE
91;1767375361938;1;com.whatsapp;APP_OPEN
92;1767375362667;1;com.google.android.apps.nexuslauncher;APP_OPEN
93;1767375363203;2;com.whatsapp;APP_CLOSE
94;1767375482639;16;android;SCREEN_OFF
95;1767375483217;2;com.google.android.apps.nexuslauncher;APP_CLOSE
96;1767375487696;17;android;LOCK
97;1767375569949;15;android;SCREEN_ON
98;1767375571187;1;com.google.android.apps.nexuslauncher;APP_OPEN
99;1767375571631;18;android;UNLOCK
100;1767375690700;16;android;SCREEN_OFF
101;1767375691232;2;com.google.android.apps.nexuslauncher;APP_CLOSE
102;1767375691408;17;android;LOCK
103;1767375701529;15;android;SCREEN_ON
104;1767375711504;16;android;SCREEN_OFF
105;1767375753301;15;android;SCREEN_ON
106;1767375754936;1;com.google.android.apps.nexuslauncher;APP_OPEN
107;1767375755354;18;android;UNLOCK
108;1767375759464;2;com.google.android.apps.nexuslauncher;APP_CLOSE
109;1767375759471;1;com.whatsapp;APP_OPEN
110;1767375899613;2;com.whatsapp;APP_CLOSE
111;1767375899614;1;com.whatsapp;APP_OPEN
112;1767375902044;2;com.whatsapp;APP_CLOSE
113;1767375902046;1;com.whatsapp;APP_OPEN
114;1767375911217;2;com.whatsapp;APP_CLOSE
115;1767375911219;1;com.whatsapp;APP_OPEN
116;1767375913704;2;com.whatsapp;APP_CLOSE
117;1767375913706;1;com.whatsapp;APP_OPEN
118;1767375929537;2;com.whatsapp;APP_CLOSE
119;1767375929539;1;com.whatsapp;APP_OPEN
120;1767375930789;2;com.whatsapp;APP_CLOSE
121;1767375930793;1;com.whatsapp;APP_OPEN
122;1767375948437;2;com.whatsapp;APP_CLOSE
123;1767375948438;1;com.whatsapp;APP_OPEN
124;1767375951624;2;com.whatsapp;APP_CLOSE
125;1767375951627;1;com.whatsapp;APP_OPEN
126;1767375954173;2;com.whatsapp;APP_CLOSE
127;1767375954174;1;com.whatsapp;APP_OPEN
128;1767375958609;2;com.whatsapp;APP_CLOSE
129;1767375958613;1;com.whatsapp;APP_OPEN
130;1767375966655;2;com.whatsapp;APP_CLOSE
131;1767375966659;1;com.whatsapp;APP_OPEN
132;1767375970398;2;com.whatsapp;APP_CLOSE
133;1767375970399;1;com.whatsapp;APP_OPEN
134;1767376043553;2;com.whatsapp;APP_CLOSE
135;1767376043555;1;com.whatsapp;APP_OPEN
136;1767376046057;2;com.whatsapp;APP_CLOSE
137;1767376046059;1;com.whatsapp;APP_OPEN
138;1767376075918;2;com.whatsapp;APP_CLOSE
139;1767376075919;1;com.whatsapp;APP_OPEN
140;1767376083742;2;com.whatsapp;APP_CLOSE
141;1767376083743;1;com.whatsapp;APP_OPEN
142;1767376097211;2;com.whatsapp;APP_CLOSE
143;1767376097213;1;com.whatsapp;APP_OPEN
144;1767376098706;2;com.whatsapp;APP_CLOSE
145;1767376098709;1;com.whatsapp;APP_OPEN
146;1767376108435;2;com.whatsapp;APP_CLOSE
147;1767376108437;1;com.whatsapp;APP_OPEN
148;1767376110274;2;com.whatsapp;APP_CLOSE
149;1767376110276;1;com.whatsapp;APP_OPEN
150;1767376112016;2;com.whatsapp;APP_CLOSE
151;1767376112019;1;com.whatsapp;APP_OPEN
152;1767376114389;2;com.whatsapp;APP_CLOSE
153;1767376114391;1;com.whatsapp;APP_OPEN
154;1767376119051;2;com.whatsapp;APP_CLOSE
155;1767376119055;1;com.whatsapp;APP_OPEN
156;1767376122113;1;com.google.android.apps.nexuslauncher;APP_OPEN
157;1767376122185;2;com.google.android.apps.nexuslauncher;APP_CLOSE
158;1767376123046;1;com.google.android.apps.nexuslauncher;APP_OPEN
159;1767376123669;2;com.whatsapp;APP_CLOSE
160;1767376123673;1;com.focux.pulse;APP_OPEN
161;1767376123710;2;com.google.android.apps.nexuslauncher;APP_CLOSE
162;1767376123710;2;com.google.android.apps.nexuslauncher;APP_CLOSE
163;1767376153050;1;com.google.android.apps.nexuslauncher;APP_OPEN
164;1767376153128;2;com.google.android.apps.nexuslauncher;APP_CLOSE
165;1767376159621;1;com.google.android.apps.nexuslauncher;APP_OPEN
166;1767376159705;2;com.google.android.apps.nexuslauncher;APP_CLOSE
167;1767376171634;1;com.google.android.apps.nexuslauncher;APP_OPEN
168;1767376171711;2;com.google.android.apps.nexuslauncher;APP_CLOSE
169;1767376172234;1;com.google.android.apps.nexuslauncher;APP_OPEN
170;1767376172330;2;com.google.android.apps.nexuslauncher;APP_CLOSE
171;1767376172891;1;com.google.android.apps.nexuslauncher;APP_OPEN
172;1767376173444;2;com.focux.pulse;APP_CLOSE
173;1767376173709;16;android;SCREEN_OFF
174;1767376174195;2;com.google.android.apps.nexuslauncher;APP_CLOSE
175;1767376174365;17;android;LOCK
176;1767376178011;15;android;SCREEN_ON
177;1767376188012;16;android;SCREEN_OFF
178;1767376206856;15;android;SCREEN_ON
179;1767376208863;1;com.google.android.apps.nexuslauncher;APP_OPEN
180;1767376209312;18;android;UNLOCK
181;1767376211614;2;com.google.android.apps.nexuslauncher;APP_CLOSE
182;1767376211624;1;com.whatsapp;APP_OPEN
183;1767376238812;2;com.whatsapp;APP_CLOSE
184;1767376238814;1;com.whatsapp;APP_OPEN
185;1767376240571;1;com.google.android.apps.nexuslauncher;APP_OPEN
186;1767376241132;2;com.whatsapp;APP_CLOSE
187;1767376341093;2;com.google.android.apps.nexuslauncher;APP_CLOSE
188;1767376341097;1;com.whatsapp;APP_OPEN
189;1767376360964;2;com.whatsapp;APP_CLOSE
190;1767376360965;1;com.whatsapp;APP_OPEN
191;1767376361618;1;com.google.android.apps.nexuslauncher;APP_OPEN
192;1767376362030;2;com.google.android.apps.nexuslauncher;APP_CLOSE
193;1767376362557;1;com.google.android.apps.nexuslauncher;APP_OPEN
194;1767376363084;2;com.whatsapp;APP_CLOSE
195;1767376463704;16;android;SCREEN_OFF
196;1767376464177;2;com.google.android.apps.nexuslauncher;APP_CLOSE
197;1767376464334;17;android;LOCK
198;1767376506902;15;android;SCREEN_ON
199;1767376519258;16;android;SCREEN_OFF
200;1767376709195;15;android;SCREEN_ON
201;1767376711409;1;com.google.android.apps.nexuslauncher;APP_OPEN
202;1767376711828;18;android;UNLOCK
203;1767376712602;2;com.google.android.apps.nexuslauncher;APP_CLOSE
204;1767376712610;1;com.whatsapp;APP_OPEN
205;1767376735972;2;com.whatsapp;APP_CLOSE
206;1767376735976;1;com.whatsapp;APP_OPEN
207;1767376737791;2;com.whatsapp;APP_CLOSE
208;1767376737797;1;com.whatsapp;APP_OPEN
209;1767376740157;2;com.whatsapp;APP_CLOSE
210;1767376740159;1;com.whatsapp;APP_OPEN
211;1767376740195;2;com.whatsapp;APP_CLOSE
212;1767376740195;1;com.whatsapp;APP_OPEN
213;1767376760732;2;com.whatsapp;APP_CLOSE
214;1767376760733;1;com.whatsapp;APP_OPEN
215;1767376761585;1;com.google.android.apps.nexuslauncher;APP_OPEN
216;1767376762101;2;com.whatsapp;APP_CLOSE
217;1767376955618;16;android;SCREEN_OFF
218;1767376956147;2;com.google.android.apps.nexuslauncher;APP_CLOSE
219;1767376960673;17;android;LOCK
220;1767377098374;15;android;SCREEN_ON
221;1767377110560;16;android;SCREEN_OFF
222;1767377559493;15;android;SCREEN_ON
223;1767377562147;1;com.google.android.apps.nexuslauncher;APP_OPEN
224;1767377562574;18;android;UNLOCK
225;1767377574050;16;android;SCREEN_OFF
226;1767377574590;2;com.google.android.apps.nexuslauncher;APP_CLOSE
227;1767377574754;17;android;LOCK
228;1767377628780;15;android;SCREEN_ON
229;1767377638782;16;android;SCREEN_OFF
230;1767377686516;15;android;SCREEN_ON
231;1767377696518;16;android;SCREEN_OFF
232;1767377750173;15;android;SCREEN_ON
233;1767377751947;16;android;SCREEN_OFF
234;1767378066292;15;android;SCREEN_ON
235;1767378076286;16;android;SCREEN_OFF
236;1767378106731;15;android;SCREEN_ON
237;1767378107696;1;com.google.android.apps.nexuslauncher;APP_OPEN
238;1767378108137;18;android;UNLOCK
239;1767378108803;2;com.google.android.apps.nexuslauncher;APP_CLOSE
240;1767378108805;1;com.android.chrome;APP_OPEN
241;1767378196110;1;com.google.android.apps.nexuslauncher;APP_OPEN
242;1767378197222;2;com.android.chrome;APP_CLOSE
243;1767378197669;16;android;SCREEN_OFF
244;1767378198179;2;com.google.android.apps.nexuslauncher;APP_CLOSE
245;1767378198342;17;android;LOCK
246;1767378249243;15;android;SCREEN_ON
247;1767378250638;16;android;SCREEN_OFF
248;1767378318549;15;android;SCREEN_ON
249;1767378325192;1;com.google.android.apps.nexuslauncher;APP_OPEN
250;1767378325627;18;android;UNLOCK
251;1767378330324;2;com.google.android.apps.nexuslauncher;APP_CLOSE
252;1767378330327;1;com.whatsapp;APP_OPEN
253;1767378331824;1;com.google.android.apps.nexuslauncher;APP_OPEN
254;1767378332334;2;com.whatsapp;APP_CLOSE
255;1767378333115;16;android;SCREEN_OFF
256;1767378333623;2;com.google.android.apps.nexuslauncher;APP_CLOSE
257;1767378333775;17;android;LOCK
258;1767379479136;15;android;SCREEN_ON
259;1767379491165;16;android;SCREEN_OFF
260;1767379952158;15;android;SCREEN_ON
261;1767379953436;1;com.google.android.apps.nexuslauncher;APP_OPEN
262;1767379953885;18;android;UNLOCK
263;1767379954657;2;com.google.android.apps.nexuslauncher;APP_CLOSE
264;1767379954662;1;com.whatsapp;APP_OPEN
265;1767379975850;1;com.google.android.apps.nexuslauncher;APP_OPEN
266;1767379976401;2;com.whatsapp;APP_CLOSE
267;1767379976712;16;android;SCREEN_OFF
268;1767379977202;2;com.google.android.apps.nexuslauncher;APP_CLOSE
269;1767379977371;17;android;LOCK
270;1767380066194;15;android;SCREEN_ON
271;1767380067890;1;com.google.android.apps.nexuslauncher;APP_OPEN
272;1767380068308;18;android;UNLOCK
273;1767380069157;2;com.google.android.apps.nexuslauncher;APP_CLOSE
274;1767380069164;1;com.whatsapp;APP_OPEN
275;1767380090689;2;com.whatsapp;APP_CLOSE
276;1767380090690;1;com.whatsapp;APP_OPEN
277;1767380091566;2;com.whatsapp;APP_CLOSE
278;1767380091569;1;com.whatsapp;APP_OPEN
279;1767380092093;1;com.google.android.apps.nexuslauncher;APP_OPEN
280;1767380092635;2;com.whatsapp;APP_CLOSE
281;1767380092904;16;android;SCREEN_OFF
282;1767380093384;2;com.google.android.apps.nexuslauncher;APP_CLOSE
283;1767380093554;17;android;LOCK
284;1767381204632;15;android;SCREEN_ON
285;1767381206171;1;com.google.android.apps.nexuslauncher;APP_OPEN
286;1767381206624;18;android;UNLOCK
287;1767381208813;2;com.google.android.apps.nexuslauncher;APP_CLOSE
288;1767381208814;1;com.whatsapp;APP_OPEN
289;1767381209793;2;com.whatsapp;APP_CLOSE
290;1767381209794;1;com.whatsapp;APP_OPEN
291;1767381211155;1;com.google.android.apps.nexuslauncher;APP_OPEN
292;1767381211684;2;com.whatsapp;APP_CLOSE
293;1767381212655;16;android;SCREEN_OFF
294;1767381213143;2;com.google.android.apps.nexuslauncher;APP_CLOSE
295;1767381213328;17;android;LOCK
296;1767381223711;15;android;SCREEN_ON
297;1767381227337;16;android;SCREEN_OFF
298;1767381230377;15;android;SCREEN_ON
299;1767381232033;16;android;SCREEN_OFF
300;1767381237322;15;android;SCREEN_ON
301;1767381247324;16;android;SCREEN_OFF
302;1767381299371;15;android;SCREEN_ON
303;1767381300956;16;android;SCREEN_OFF
304;1767381315555;15;android;SCREEN_ON
305;1767381317101;16;android;SCREEN_OFF
306;1767382240801;15;android;SCREEN_ON
307;1767382241952;1;com.google.android.apps.nexuslauncher;APP_OPEN
308;1767382242380;18;android;UNLOCK
309;1767382243536;2;com.google.android.apps.nexuslauncher;APP_CLOSE
310;1767382243540;1;com.snapchat.android;APP_OPEN
311;1767382298051;1;com.google.android.apps.nexuslauncher;APP_OPEN
312;1767382298593;2;com.snapchat.android;APP_CLOSE
313;1767382298957;16;android;SCREEN_OFF
314;1767382299471;2;com.google.android.apps.nexuslauncher;APP_CLOSE
315;1767382299636;17;android;LOCK
316;1767382312560;15;android;SCREEN_ON
317;1767382322561;16;android;SCREEN_OFF
318;1767382409252;15;android;SCREEN_ON
319;1767382410682;1;com.google.android.apps.nexuslauncher;APP_OPEN
320;1767382411105;18;android;UNLOCK
321;1767382411958;2;com.google.android.apps.nexuslauncher;APP_CLOSE
322;1767382411959;1;com.snapchat.android;APP_OPEN
323;1767382427677;1;com.google.android.apps.nexuslauncher;APP_OPEN
324;1767382427939;2;com.snapchat.android;APP_CLOSE
325;1767382429206;2;com.google.android.apps.nexuslauncher;APP_CLOSE
326;1767382429209;1;com.instagram.android;APP_OPEN
327;1767382429722;2;com.instagram.android;APP_CLOSE
328;1767382429723;1;com.instagram.android;APP_OPEN
329;1767382453731;2;com.instagram.android;APP_CLOSE
330;1767382453734;1;com.instagram.android;APP_OPEN
331;1767382453774;2;com.instagram.android;APP_CLOSE
332;1767382453775;1;com.android.vending;APP_OPEN
333;1767382455649;2;com.android.vending;APP_CLOSE
334;1767382455650;1;com.instagram.android;APP_OPEN
335;1767382456188;2;com.instagram.android;APP_CLOSE
336;1767382456191;1;com.instagram.android;APP_OPEN
337;1767382456215;2;com.instagram.android;APP_CLOSE
338;1767382456216;1;com.android.vending;APP_OPEN
339;1767382457120;2;com.android.vending;APP_CLOSE
340;1767382457121;1;com.instagram.android;APP_OPEN
341;1767382466037;1;com.google.android.apps.nexuslauncher;APP_OPEN
342;1767382466822;2;com.instagram.android;APP_CLOSE
343;1767382466825;1;com.snapchat.android;APP_OPEN
344;1767382466863;2;com.google.android.apps.nexuslauncher;APP_CLOSE
345;1767382469407;1;com.google.android.apps.nexuslauncher;APP_OPEN
346;1767382469955;2;com.snapchat.android;APP_CLOSE
347;1767382470241;16;android;SCREEN_OFF
348;1767382470755;2;com.google.android.apps.nexuslauncher;APP_CLOSE
349;1767382470922;17;android;LOCK
350;1767382599785;15;android;SCREEN_ON
351;1767382600929;1;com.google.android.apps.nexuslauncher;APP_OPEN
352;1767382601360;18;android;UNLOCK
353;1767382604191;2;com.google.android.apps.nexuslauncher;APP_CLOSE
354;1767382604194;1;com.whatsapp;APP_OPEN
355;1767382607474;2;com.whatsapp;APP_CLOSE
356;1767382607476;1;com.whatsapp;APP_OPEN
357;1767382615094;2;com.whatsapp;APP_CLOSE
358;1767382615094;1;com.android.chrome;APP_OPEN
359;1767382615153;2;com.android.chrome;APP_CLOSE
360;1767382615156;1;com.android.chrome;APP_OPEN
361;1767382616982;2;com.android.chrome;APP_CLOSE
362;1767382616987;1;com.android.vending;APP_OPEN
363;1767382617032;2;com.android.vending;APP_CLOSE
364;1767382617042;1;com.android.vending;APP_OPEN
365;1767382621282;2;com.android.vending;APP_CLOSE
366;1767382621283;1;com.android.vending;APP_OPEN
367;1767382631479;2;com.android.vending;APP_CLOSE
368;1767382631481;1;com.android.vending;APP_OPEN
369;1767382640709;2;com.android.vending;APP_CLOSE
370;1767382640710;1;com.whatsapp;APP_OPEN
371;1767382641803;2;com.whatsapp;APP_CLOSE
372;1767382641804;1;com.whatsapp;APP_OPEN
373;1767382646204;1;com.google.android.apps.nexuslauncher;APP_OPEN
374;1767382646542;2;com.whatsapp;APP_CLOSE
375;1767382647455;2;com.google.android.apps.nexuslauncher;APP_CLOSE
376;1767382647456;1;com.instagram.android;APP_OPEN
377;1767382720955;1;com.google.android.apps.nexuslauncher;APP_OPEN
378;1767382721423;2;com.google.android.apps.nexuslauncher;APP_CLOSE
379;1767382721541;2;com.instagram.android;APP_CLOSE
380;1767382721546;1;com.google.android.googlequicksearchbox;APP_OPEN
381;1767382753420;2;com.google.android.googlequicksearchbox;APP_CLOSE
382;1767382753692;1;com.google.android.apps.maps;APP_OPEN
383;1767382763544;2;com.google.android.apps.maps;APP_CLOSE
384;1767382763547;1;com.google.android.googlequicksearchbox;APP_OPEN
385;1767382764409;1;com.google.android.apps.nexuslauncher;APP_OPEN
386;1767382764544;1;com.instagram.android;APP_OPEN
387;1767382764711;2;com.google.android.apps.nexuslauncher;APP_CLOSE
388;1767382764712;2;com.google.android.googlequicksearchbox;APP_CLOSE
389;1767382803047;1;com.google.android.apps.nexuslauncher;APP_OPEN
390;1767382803600;2;com.instagram.android;APP_CLOSE
391;1767382803813;16;android;SCREEN_OFF
392;1767382804294;2;com.google.android.apps.nexuslauncher;APP_CLOSE
393;1767382804459;17;android;LOCK
394;1767382881584;15;android;SCREEN_ON
395;1767382883043;1;com.google.android.apps.nexuslauncher;APP_OPEN
396;1767382883473;18;android;UNLOCK
397;1767382884453;2;com.google.android.apps.nexuslauncher;APP_CLOSE
398;1767382884456;1;com.snapchat.android;APP_OPEN
399;1767382889010;1;com.google.android.apps.nexuslauncher;APP_OPEN
400;1767382889560;2;com.snapchat.android;APP_CLOSE
401;1767382889731;16;android;SCREEN_OFF
402;1767382890203;2;com.google.android.apps.nexuslauncher;APP_CLOSE
403;1767382890368;17;android;LOCK
404;1767382993313;15;android;SCREEN_ON
405;1767382994699;1;com.google.android.apps.nexuslauncher;APP_OPEN
406;1767382995135;18;android;UNLOCK
407;1767382996805;2;com.google.android.apps.nexuslauncher;APP_CLOSE
408;1767382996806;1;com.whatsapp;APP_OPEN
409;1767383000312;1;com.google.android.apps.nexuslauncher;APP_OPEN
410;1767383000888;2;com.whatsapp;APP_CLOSE
411;1767383001361;16;android;SCREEN_OFF
412;1767383001872;2;com.google.android.apps.nexuslauncher;APP_CLOSE
413;1767383002033;17;android;LOCK
414;1767383110677;15;android;SCREEN_ON
415;1767383111818;1;com.google.android.apps.nexuslauncher;APP_OPEN
416;1767383112248;18;android;UNLOCK
417;1767383113583;2;com.google.android.apps.nexuslauncher;APP_CLOSE
418;1767383113585;1;com.whatsapp;APP_OPEN
419;1767383115653;2;com.whatsapp;APP_CLOSE
420;1767383115657;1;com.whatsapp;APP_OPEN
421;1767383127440;2;com.whatsapp;APP_CLOSE
422;1767383127441;1;com.whatsapp;APP_OPEN
423;1767383132020;1;com.google.android.apps.nexuslauncher;APP_OPEN
424;1767383132385;2;com.whatsapp;APP_CLOSE
425;1767383133212;2;com.google.android.apps.nexuslauncher;APP_CLOSE
426;1767383133213;1;com.instagram.android;APP_OPEN
427;1767383135304;1;com.google.android.apps.nexuslauncher;APP_OPEN
428;1767383135762;2;com.google.android.apps.nexuslauncher;APP_CLOSE
429;1767383165742;1;com.google.android.apps.nexuslauncher;APP_OPEN
430;1767383166285;2;com.instagram.android;APP_CLOSE
431;1767383166847;16;android;SCREEN_OFF
432;1767383167334;2;com.google.android.apps.nexuslauncher;APP_CLOSE
433;1767383167516;17;android;LOCK
434;1767383387261;15;android;SCREEN_ON
435;1767383389163;1;com.google.android.apps.nexuslauncher;APP_OPEN
436;1767383389575;18;android;UNLOCK
437;1767383392436;16;android;SCREEN_OFF
438;1767383392937;2;com.google.android.apps.nexuslauncher;APP_CLOSE
439;1767383393106;17;android;LOCK
440;1767383472432;15;android;SCREEN_ON
441;1767383473347;16;android;SCREEN_OFF
442;1767383568895;15;android;SCREEN_ON
443;1767383569650;1;com.google.android.apps.nexuslauncher;APP_OPEN
444;1767383570068;18;android;UNLOCK
445;1767383571786;2;com.google.android.apps.nexuslauncher;APP_CLOSE
446;1767383571788;1;com.whatsapp;APP_OPEN
447;1767383573861;2;com.whatsapp;APP_CLOSE
448;1767383573864;1;com.whatsapp;APP_OPEN
449;1767383583905;2;com.whatsapp;APP_CLOSE
450;1767383583906;1;com.whatsapp;APP_OPEN
451;1767383585695;1;com.google.android.apps.nexuslauncher;APP_OPEN
452;1767383586233;2;com.whatsapp;APP_CLOSE
453;1767383586362;16;android;SCREEN_OFF
454;1767383586854;2;com.google.android.apps.nexuslauncher;APP_CLOSE
455;1767383587025;17;android;LOCK
456;1767383664404;15;android;SCREEN_ON
457;1767383666683;16;android;SCREEN_OFF
458;1767383895525;15;android;SCREEN_ON
459;1767383898515;16;android;SCREEN_OFF
460;1767383939030;15;android;SCREEN_ON
461;1767383951649;16;android;SCREEN_OFF
462;1767384048013;1;com.google.android.dialer;APP_OPEN
463;1767384048014;15;android;SCREEN_ON
464;1767384048042;2;com.google.android.dialer;APP_CLOSE
465;1767384048050;1;com.google.android.dialer;APP_OPEN
466;1767384070439;2;com.google.android.dialer;APP_CLOSE
467;1767384070444;1;com.google.android.apps.nexuslauncher;APP_OPEN
468;1767384070473;2;com.google.android.apps.nexuslauncher;APP_CLOSE
469;1767384080774;16;android;SCREEN_OFF
470;1767384174569;15;android;SCREEN_ON
471;1767384175943;1;com.google.android.apps.nexuslauncher;APP_OPEN
472;1767384176399;18;android;UNLOCK
473;1767384178753;2;com.google.android.apps.nexuslauncher;APP_CLOSE
474;1767384178755;1;com.google.android.dialer;APP_OPEN
475;1767384178783;2;com.google.android.dialer;APP_CLOSE
476;1767384178787;1;com.google.android.apps.nexuslauncher;APP_OPEN
477;1767384178849;2;com.google.android.apps.nexuslauncher;APP_CLOSE
478;1767384178853;1;com.google.android.dialer;APP_OPEN
479;1767384192688;2;com.google.android.dialer;APP_CLOSE
480;1767384192696;1;com.google.android.apps.nexuslauncher;APP_OPEN
481;1767384214755;2;com.google.android.apps.nexuslauncher;APP_CLOSE
482;1767384214759;1;com.google.android.dialer;APP_OPEN
483;1767384232891;2;com.google.android.dialer;APP_CLOSE
484;1767384232896;1;com.google.android.apps.nexuslauncher;APP_OPEN
485;1767384337573;16;android;SCREEN_OFF
486;1767384338148;2;com.google.android.apps.nexuslauncher;APP_CLOSE
487;1767384342980;17;android;LOCK
488;1767384358836;15;android;SCREEN_ON
489;1767384361771;1;com.google.android.apps.nexuslauncher;APP_OPEN
490;1767384362214;18;android;UNLOCK
491;1767384363701;2;com.google.android.apps.nexuslauncher;APP_CLOSE
492;1767384363701;1;com.whatsapp;APP_OPEN
493;1767384364243;2;com.whatsapp;APP_CLOSE
494;1767384364245;1;com.whatsapp;APP_OPEN
495;1767384364959;2;com.whatsapp;APP_CLOSE
496;1767384364960;1;com.whatsapp;APP_OPEN
497;1767384365507;1;com.google.android.apps.nexuslauncher;APP_OPEN
498;1767384366041;2;com.whatsapp;APP_CLOSE
499;1767384485486;16;android;SCREEN_OFF
500;1767384486032;2;com.google.android.apps.nexuslauncher;APP_CLOSE
501;1767384490536;17;android;LOCK
502;1767384606734;15;android;SCREEN_ON
503;1767384616725;16;android;SCREEN_OFF
504;1767384619120;15;android;SCREEN_ON
505;1767384620749;1;com.google.android.apps.nexuslauncher;APP_OPEN
506;1767384621169;18;android;UNLOCK
507;1767384624348;2;com.google.android.apps.nexuslauncher;APP_CLOSE
508;1767384624352;1;com.snapchat.android;APP_OPEN
509;1767384730258;1;com.google.android.apps.nexuslauncher;APP_OPEN
510;1767384730346;2;com.google.android.apps.nexuslauncher;APP_CLOSE
511;1767384740450;1;com.google.android.apps.nexuslauncher;APP_OPEN
512;1767384741347;2;com.snapchat.android;APP_CLOSE
513;1767384742012;2;com.google.android.apps.nexuslauncher;APP_CLOSE
514;1767384742015;1;com.whatsapp;APP_OPEN
515;1767384744285;1;com.google.android.apps.nexuslauncher;APP_OPEN
516;1767384744808;2;com.whatsapp;APP_CLOSE
517;1767384745627;16;android;SCREEN_OFF
518;1767384746102;2;com.google.android.apps.nexuslauncher;APP_CLOSE
519;1767384746255;17;android;LOCK
520;1767385296654;15;android;SCREEN_ON
521;1767385391331;16;android;SCREEN_OFF
522;1767385494319;15;android;SCREEN_ON
523;1767385495746;1;com.google.android.apps.nexuslauncher;APP_OPEN
524;1767385496202;18;android;UNLOCK
525;1767385496978;2;com.google.android.apps.nexuslauncher;APP_CLOSE
526;1767385496982;1;com.whatsapp;APP_OPEN
527;1767385498738;2;com.whatsapp;APP_CLOSE
528;1767385498740;1;com.whatsapp;APP_OPEN
529;1767385502537;2;com.whatsapp;APP_CLOSE
530;1767385502539;1;com.whatsapp;APP_OPEN
531;1767385504079;2;com.whatsapp;APP_CLOSE
532;1767385504083;1;com.whatsapp;APP_OPEN
533;1767385504840;2;com.whatsapp;APP_CLOSE
534;1767385504843;1;com.whatsapp;APP_OPEN
535;1767385504862;2;com.whatsapp;APP_CLOSE
536;1767385504865;1;com.whatsapp;APP_OPEN
537;1767385505338;2;com.whatsapp;APP_CLOSE
538;1767385505340;1;com.whatsapp;APP_OPEN
539;1767385610810;2;com.whatsapp;APP_CLOSE
540;1767385610811;1;com.whatsapp;APP_OPEN
541;1767385612728;1;com.google.android.apps.nexuslauncher;APP_OPEN
542;1767385613269;2;com.whatsapp;APP_CLOSE
543;1767385659441;2;com.google.android.apps.nexuslauncher;APP_CLOSE
544;1767385659441;1;com.whatsapp;APP_OPEN
545;1767385659899;2;com.whatsapp;APP_CLOSE
546;1767385659902;1;com.whatsapp;APP_OPEN
547;1767385660879;2;com.whatsapp;APP_CLOSE
548;1767385660885;1;com.whatsapp;APP_OPEN
549;1767385679521;2;com.whatsapp;APP_CLOSE
550;1767385679527;1;com.whatsapp;APP_OPEN
551;1767385680750;2;com.whatsapp;APP_CLOSE
552;1767385680752;1;com.whatsapp;APP_OPEN
553;1767385680785;2;com.whatsapp;APP_CLOSE
554;1767385680786;1;com.whatsapp;APP_OPEN
555;1767385681200;2;com.whatsapp;APP_CLOSE
556;1767385681201;1;com.whatsapp;APP_OPEN
557;1767385682014;1;com.google.android.apps.nexuslauncher;APP_OPEN
558;1767385682426;16;android;SCREEN_OFF
559;1767385682559;2;com.whatsapp;APP_CLOSE
560;1767385682919;2;com.google.android.apps.nexuslauncher;APP_CLOSE
561;1767385683116;17;android;LOCK
562;1767385759908;15;android;SCREEN_ON
563;1767385764701;1;com.google.android.apps.nexuslauncher;APP_OPEN
564;1767385765135;18;android;UNLOCK
565;1767385765847;2;com.google.android.apps.nexuslauncher;APP_CLOSE
566;1767385765852;1;com.whatsapp;APP_OPEN
567;1767385766687;2;com.whatsapp;APP_CLOSE
568;1767385766690;1;com.whatsapp;APP_OPEN
569;1767385773983;2;com.whatsapp;APP_CLOSE
570;1767385773988;1;com.whatsapp;APP_OPEN
571;1767385775854;2;com.whatsapp;APP_CLOSE
572;1767385775856;1;com.whatsapp;APP_OPEN
573;1767385775896;2;com.whatsapp;APP_CLOSE
574;1767385775897;1;com.whatsapp;APP_OPEN
575;1767385794959;2;com.whatsapp;APP_CLOSE
576;1767385794959;1;com.whatsapp;APP_OPEN
577;1767385799289;2;com.whatsapp;APP_CLOSE
578;1767385799292;1;com.whatsapp;APP_OPEN
579;1767385822429;2;com.whatsapp;APP_CLOSE
580;1767385822429;1;com.whatsapp;APP_OPEN
581;1767385834852;1;com.google.android.apps.nexuslauncher;APP_OPEN
582;1767385835408;2;com.whatsapp;APP_CLOSE
583;1767385836060;16;android;SCREEN_OFF
584;1767385836574;2;com.google.android.apps.nexuslauncher;APP_CLOSE
585;1767385836725;17;android;LOCK
586;1767385875616;15;android;SCREEN_ON
587;1767385890397;16;android;SCREEN_OFF
588;1767385891233;15;android;SCREEN_ON
589;1767385913893;16;android;SCREEN_OFF
590;1767385938180;15;android;SCREEN_ON
591;1767385942261;1;com.google.android.apps.nexuslauncher;APP_OPEN
592;1767385942682;18;android;UNLOCK
593;1767385943509;2;com.google.android.apps.nexuslauncher;APP_CLOSE
594;1767385943519;1;com.whatsapp;APP_OPEN
595;1767385946594;2;com.whatsapp;APP_CLOSE
596;1767385946594;1;com.whatsapp;APP_OPEN
597;1767385949051;1;com.google.android.apps.nexuslauncher;APP_OPEN
598;1767385949214;2;com.whatsapp;APP_CLOSE
599;1767385952692;2;com.google.android.apps.nexuslauncher;APP_CLOSE
600;1767385952698;1;com.whatsapp;APP_OPEN
601;1767386090508;1;com.google.android.apps.nexuslauncher;APP_OPEN
602;1767386090924;2;com.whatsapp;APP_CLOSE
603;1767386105158;2;com.google.android.apps.nexuslauncher;APP_CLOSE
604;1767386105160;1;com.whatsapp;APP_OPEN
605;1767386123255;1;com.google.android.apps.nexuslauncher;APP_OPEN
606;1767386123661;2;com.whatsapp;APP_CLOSE
607;1767386123664;1;com.instagram.android;APP_OPEN
608;1767386123713;2;com.google.android.apps.nexuslauncher;APP_CLOSE
609;1767386127074;1;com.google.android.apps.nexuslauncher;APP_OPEN
610;1767386127614;2;com.instagram.android;APP_CLOSE
611;1767386127615;1;com.whatsapp;APP_OPEN
612;1767386127645;2;com.google.android.apps.nexuslauncher;APP_CLOSE
613;1767386132511;2;com.whatsapp;APP_CLOSE
614;1767386132511;1;com.whatsapp;APP_OPEN
615;1767386134833;2;com.whatsapp;APP_CLOSE
616;1767386134837;1;com.whatsapp;APP_OPEN
617;1767386135384;1;com.google.android.apps.nexuslauncher;APP_OPEN
618;1767386136466;2;com.google.android.apps.nexuslauncher;APP_CLOSE
619;1767386137426;1;com.google.android.apps.nexuslauncher;APP_OPEN
620;1767386137837;2;com.whatsapp;APP_CLOSE
621;1767386160778;2;com.google.android.apps.nexuslauncher;APP_CLOSE
622;1767386160789;1;com.whatsapp;APP_OPEN
623;1767386172516;2;com.whatsapp;APP_CLOSE
624;1767386172517;1;com.whatsapp;APP_OPEN
625;1767386173227;1;com.google.android.apps.nexuslauncher;APP_OPEN
626;1767386173520;2;com.whatsapp;APP_CLOSE
627;1767386177087;2;com.google.android.apps.nexuslauncher;APP_CLOSE
628;1767386178072;1;com.paypal.android.p2pmobile;APP_OPEN
629;1767386178341;2;com.paypal.android.p2pmobile;APP_CLOSE
630;1767386178347;1;com.paypal.android.p2pmobile;APP_OPEN
631;1767386185247;2;com.paypal.android.p2pmobile;APP_CLOSE
632;1767386185251;1;com.paypal.android.p2pmobile;APP_OPEN
633;1767386194674;2;com.paypal.android.p2pmobile;APP_CLOSE
634;1767386194676;1;com.google.android.as;APP_OPEN
635;1767386194717;2;com.google.android.as;APP_CLOSE
636;1767386194729;1;com.paypal.android.p2pmobile;APP_OPEN
637;1767386198844;2;com.paypal.android.p2pmobile;APP_CLOSE
638;1767386198845;1;com.paypal.android.p2pmobile;APP_OPEN
639;1767386198905;2;com.paypal.android.p2pmobile;APP_CLOSE
640;1767386198906;1;com.paypal.android.p2pmobile;APP_OPEN
641;1767386214983;2;com.paypal.android.p2pmobile;APP_CLOSE
642;1767386214984;1;com.paypal.android.p2pmobile;APP_OPEN
643;1767386215217;2;com.paypal.android.p2pmobile;APP_CLOSE
644;1767386215219;1;com.paypal.android.p2pmobile;APP_OPEN
645;1767386220723;2;com.paypal.android.p2pmobile;APP_CLOSE
646;1767386220726;1;com.paypal.android.p2pmobile;APP_OPEN
647;1767386220916;2;com.paypal.android.p2pmobile;APP_CLOSE
648;1767386220920;1;com.paypal.android.p2pmobile;APP_OPEN
649;1767386222160;2;com.paypal.android.p2pmobile;APP_CLOSE
650;1767386222162;1;com.paypal.android.p2pmobile;APP_OPEN
651;1767386273264;2;com.paypal.android.p2pmobile;APP_CLOSE
652;1767386273265;1;com.paypal.android.p2pmobile;APP_OPEN
653;1767386273279;2;com.paypal.android.p2pmobile;APP_CLOSE
654;1767386273279;1;com.paypal.android.p2pmobile;APP_OPEN
655;1767386274058;2;com.paypal.android.p2pmobile;APP_CLOSE
656;1767386274060;1;com.paypal.android.p2pmobile;APP_OPEN
657;1767386275710;2;com.paypal.android.p2pmobile;APP_CLOSE
658;1767386275714;1;com.google.android.apps.nexuslauncher;APP_OPEN
659;1767386283836;2;com.google.android.apps.nexuslauncher;APP_CLOSE
660;1767386283836;1;com.whatsapp;APP_OPEN
661;1767386293168;2;com.whatsapp;APP_CLOSE
662;1767386293171;1;com.whatsapp;APP_OPEN
663;1767386302032;2;com.whatsapp;APP_CLOSE
664;1767386302033;1;com.whatsapp;APP_OPEN
665;1767386306057;2;com.whatsapp;APP_CLOSE
666;1767386306061;1;com.whatsapp;APP_OPEN
667;1767386307462;2;com.whatsapp;APP_CLOSE
668;1767386307463;1;com.whatsapp;APP_OPEN
669;1767386382382;2;com.whatsapp;APP_CLOSE
670;1767386382389;1;com.google.android.gm;APP_OPEN
671;1767386414572;1;com.google.android.apps.nexuslauncher;APP_OPEN
672;1767386414742;2;com.google.android.gm;APP_CLOSE
673;1767386416271;2;com.google.android.apps.nexuslauncher;APP_CLOSE
674;1767386416287;1;com.snapchat.android;APP_OPEN
675;1767386430942;1;com.google.android.apps.nexuslauncher;APP_OPEN
676;1767386431458;2;com.snapchat.android;APP_CLOSE
677;1767386433836;16;android;SCREEN_OFF
678;1767386434348;2;com.google.android.apps.nexuslauncher;APP_CLOSE
679;1767386434510;17;android;LOCK
680;1767386642145;15;android;SCREEN_ON
681;1767386643291;16;android;SCREEN_OFF
682;1767387747759;15;android;SCREEN_ON
683;1767387750148;16;android;SCREEN_OFF
684;1767388402814;15;android;SCREEN_ON
685;1767388403913;1;com.google.android.apps.nexuslauncher;APP_OPEN
686;1767388404343;18;android;UNLOCK
687;1767388405709;2;com.google.android.apps.nexuslauncher;APP_CLOSE
688;1767388405710;1;com.snapchat.android;APP_OPEN
689;1767388408478;1;com.google.android.apps.nexuslauncher;APP_OPEN
690;1767388409016;2;com.snapchat.android;APP_CLOSE
691;1767388409016;1;com.google.android.gm;APP_OPEN
692;1767388409080;2;com.google.android.apps.nexuslauncher;APP_CLOSE
693;1767388409705;1;com.google.android.apps.nexuslauncher;APP_OPEN
694;1767388410034;2;com.google.android.gm;APP_CLOSE
695;1767388410037;1;com.whatsapp;APP_OPEN
696;1767388410079;2;com.google.android.apps.nexuslauncher;APP_CLOSE
697;1767388412386;1;com.google.android.apps.nexuslauncher;APP_OPEN
698;1767388412917;2;com.whatsapp;APP_CLOSE
699;1767388413113;16;android;SCREEN_OFF
700;1767388413607;2;com.google.android.apps.nexuslauncher;APP_CLOSE
701;1767388413768;17;android;LOCK
702;1767388787339;15;android;SCREEN_ON
703;1767388789076;16;android;SCREEN_OFF
704;1767389098720;15;android;SCREEN_ON
705;1767389108723;16;android;SCREEN_OFF
706;1767389163589;15;android;SCREEN_ON
707;1767389164548;16;android;SCREEN_OFF
708;1767389886153;15;android;SCREEN_ON
709;1767389888556;16;android;SCREEN_OFF
710;1767390359527;15;android;SCREEN_ON
711;1767390376710;1;com.google.android.apps.nexuslauncher;APP_OPEN
712;1767390377144;18;android;UNLOCK
713;1767390378377;2;com.google.android.apps.nexuslauncher;APP_CLOSE
714;1767390378379;1;com.snapchat.android;APP_OPEN
715;1767390379218;1;com.google.android.apps.nexuslauncher;APP_OPEN
716;1767390379681;2;com.snapchat.android;APP_CLOSE
717;1767390379682;1;com.google.android.gm;APP_OPEN
718;1767390379731;2;com.google.android.apps.nexuslauncher;APP_CLOSE
719;1767390380173;1;com.google.android.apps.nexuslauncher;APP_OPEN
720;1767390380560;2;com.google.android.gm;APP_CLOSE
721;1767390380563;1;com.whatsapp;APP_OPEN
722;1767390380602;2;com.google.android.apps.nexuslauncher;APP_CLOSE
723;1767390381375;2;com.whatsapp;APP_CLOSE
724;1767390381378;1;com.whatsapp;APP_OPEN
725;1767390382437;2;com.whatsapp;APP_CLOSE
726;1767390382442;1;com.whatsapp;APP_OPEN
727;1767390383626;2;com.whatsapp;APP_CLOSE
728;1767390383632;1;com.whatsapp;APP_OPEN
729;1767390386039;2;com.whatsapp;APP_CLOSE
730;1767390386041;1;com.whatsapp;APP_OPEN
731;1767390387791;2;com.whatsapp;APP_CLOSE
732;1767390387797;1;com.whatsapp;APP_OPEN
733;1767390411377;2;com.whatsapp;APP_CLOSE
734;1767390411380;1;com.whatsapp;APP_OPEN
735;1767390411409;2;com.whatsapp;APP_CLOSE
736;1767390411412;1;com.whatsapp;APP_OPEN
737;1767390412217;1;com.google.android.apps.nexuslauncher;APP_OPEN
738;1767390412757;2;com.whatsapp;APP_CLOSE
739;1767390413097;16;android;SCREEN_OFF
740;1767390413605;2;com.google.android.apps.nexuslauncher;APP_CLOSE
741;1767390413769;17;android;LOCK
742;1767390435706;15;android;SCREEN_ON
743;1767390436536;1;com.google.android.apps.nexuslauncher;APP_OPEN
744;1767390436943;18;android;UNLOCK
745;1767390439037;2;com.google.android.apps.nexuslauncher;APP_CLOSE
746;1767390439043;1;com.whatsapp;APP_OPEN
747;1767390543144;2;com.whatsapp;APP_CLOSE
748;1767390543145;1;com.whatsapp;APP_OPEN
749;1767390544885;1;com.google.android.apps.nexuslauncher;APP_OPEN
750;1767390545420;2;com.whatsapp;APP_CLOSE
751;1767390549370;16;android;SCREEN_OFF
752;1767390549909;2;com.google.android.apps.nexuslauncher;APP_CLOSE
753;1767390550077;17;android;LOCK
754;1767390726748;15;android;SCREEN_ON
755;1767390736748;16;android;SCREEN_OFF
756;1767390752780;15;android;SCREEN_ON
757;1767390753648;1;com.google.android.apps.nexuslauncher;APP_OPEN
758;1767390754087;18;android;UNLOCK
759;1767390756750;2;com.google.android.apps.nexuslauncher;APP_CLOSE
760;1767390756751;1;com.snapchat.android;APP_OPEN
761;1767390765578;1;com.google.android.apps.nexuslauncher;APP_OPEN
762;1767390766124;2;com.snapchat.android;APP_CLOSE
763;1767390766615;16;android;SCREEN_OFF
764;1767390767117;2;com.google.android.apps.nexuslauncher;APP_CLOSE
765;1767390767283;17;android;LOCK
766;1767391715146;15;android;SCREEN_ON
767;1767391719585;1;com.google.android.apps.nexuslauncher;APP_OPEN
768;1767391720016;18;android;UNLOCK
769;1767391724527;16;android;SCREEN_OFF
770;1767391725042;2;com.google.android.apps.nexuslauncher;APP_CLOSE
771;1767391725207;17;android;LOCK
772;1767391812096;15;android;SCREEN_ON
773;1767391822096;16;android;SCREEN_OFF
774;1767392104226;15;android;SCREEN_ON
775;1767392105951;16;android;SCREEN_OFF
776;1767392216531;15;android;SCREEN_ON
777;1767392228042;16;android;SCREEN_OFF
778;1767392266839;15;android;SCREEN_ON
779;1767392267825;1;com.google.android.apps.nexuslauncher;APP_OPEN
780;1767392268260;18;android;UNLOCK
781;1767392269874;2;com.google.android.apps.nexuslauncher;APP_CLOSE
782;1767392269878;1;com.whatsapp;APP_OPEN
783;1767392278436;1;com.google.android.apps.nexuslauncher;APP_OPEN
784;1767392279010;2;com.whatsapp;APP_CLOSE
785;1767392279836;16;android;SCREEN_OFF
786;1767392280326;2;com.google.android.apps.nexuslauncher;APP_CLOSE
787;1767392280506;17;android;LOCK
788;1767392511084;15;android;SCREEN_ON
789;1767392521086;16;android;SCREEN_OFF
790;1767392528921;15;android;SCREEN_ON
791;1767392530278;16;android;SCREEN_OFF
792;1767392858178;15;android;SCREEN_ON
793;1767392859738;1;com.google.android.apps.nexuslauncher;APP_OPEN
794;1767392860159;18;android;UNLOCK
795;1767392861147;2;com.google.android.apps.nexuslauncher;APP_CLOSE
796;1767392861148;1;com.whatsapp;APP_OPEN
797;1767392862766;2;com.whatsapp;APP_CLOSE
798;1767392862769;1;com.whatsapp;APP_OPEN
799;1767392864583;1;com.google.android.apps.nexuslauncher;APP_OPEN
800;1767392865133;2;com.whatsapp;APP_CLOSE
801;1767392865374;16;android;SCREEN_OFF
802;1767392865857;2;com.google.android.apps.nexuslauncher;APP_CLOSE
803;1767392866017;17;android;LOCK
804;1767393916467;15;android;SCREEN_ON
805;1767393917501;1;com.google.android.apps.nexuslauncher;APP_OPEN
806;1767393917933;18;android;UNLOCK
807;1767393922093;2;com.google.android.apps.nexuslauncher;APP_CLOSE
808;1767393922094;1;com.whatsapp;APP_OPEN
809;1767393923047;2;com.whatsapp;APP_CLOSE
810;1767393923049;1;com.whatsapp;APP_OPEN
811;1767393924780;1;com.google.android.apps.nexuslauncher;APP_OPEN
812;1767393925300;2;com.whatsapp;APP_CLOSE
813;1767393926603;2;com.google.android.apps.nexuslauncher;APP_CLOSE
814;1767393926609;1;com.snapchat.android;APP_OPEN
815;1767393957535;1;com.google.android.apps.nexuslauncher;APP_OPEN
816;1767393958114;2;com.snapchat.android;APP_CLOSE
817;1767393958467;16;android;SCREEN_OFF
818;1767393958978;2;com.google.android.apps.nexuslauncher;APP_CLOSE
819;1767393959130;17;android;LOCK
820;1767394044754;15;android;SCREEN_ON
821;1767394047787;16;android;SCREEN_OFF
822;1767394317851;15;android;SCREEN_ON
823;1767394325765;1;com.google.android.apps.nexuslauncher;APP_OPEN
824;1767394326209;18;android;UNLOCK
825;1767394329732;2;com.google.android.apps.nexuslauncher;APP_CLOSE
826;1767394329736;1;com.snapchat.android;APP_OPEN
827;1767394368853;1;com.google.android.apps.nexuslauncher;APP_OPEN
828;1767394369415;2;com.snapchat.android;APP_CLOSE
829;1767394369547;16;android;SCREEN_OFF
830;1767394370016;2;com.google.android.apps.nexuslauncher;APP_CLOSE
831;1767394370172;17;android;LOCK
832;1767394445595;15;android;SCREEN_ON
833;1767394448242;16;android;SCREEN_OFF
834;1767394607304;15;android;SCREEN_ON
835;1767394617306;16;android;SCREEN_OFF
836;1767394637191;15;android;SCREEN_ON
837;1767394641488;1;com.google.android.apps.nexuslauncher;APP_OPEN
838;1767394641928;18;android;UNLOCK
839;1767394642833;2;com.google.android.apps.nexuslauncher;APP_CLOSE
840;1767394642834;1;com.snapchat.android;APP_OPEN
841;1767394659371;1;com.google.android.apps.nexuslauncher;APP_OPEN
842;1767394659895;2;com.snapchat.android;APP_CLOSE
843;1767394660806;16;android;SCREEN_OFF
844;1767394661355;2;com.google.android.apps.nexuslauncher;APP_CLOSE
845;1767394661509;17;android;LOCK
846;1767394699884;15;android;SCREEN_ON
847;1767394701642;16;android;SCREEN_OFF
848;1767395079849;15;android;SCREEN_ON
849;1767395082574;16;android;SCREEN_OFF
850;1767395633180;15;android;SCREEN_ON
851;1767395643183;16;android;SCREEN_OFF
852;1767396040994;15;android;SCREEN_ON
853;1767396041695;1;com.google.android.apps.nexuslauncher;APP_OPEN
854;1767396042127;18;android;UNLOCK
855;1767396043210;2;com.google.android.apps.nexuslauncher;APP_CLOSE
856;1767396043211;1;com.snapchat.android;APP_OPEN
857;1767396053971;1;com.google.android.apps.nexuslauncher;APP_OPEN
858;1767396055049;2;com.snapchat.android;APP_CLOSE
859;1767396055067;1;com.whatsapp;APP_OPEN
860;1767396055473;2;com.google.android.apps.nexuslauncher;APP_CLOSE
861;1767396057976;1;com.google.android.apps.nexuslauncher;APP_OPEN
862;1767396058495;2;com.whatsapp;APP_CLOSE
863;1767396058723;16;android;SCREEN_OFF
864;1767396059168;2;com.google.android.apps.nexuslauncher;APP_CLOSE
865;1767396059330;17;android;LOCK
866;1767396273372;15;android;SCREEN_ON
867;1767396282437;16;android;SCREEN_OFF
868;1767396283426;15;android;SCREEN_ON
869;1767396287217;1;com.google.android.apps.nexuslauncher;APP_OPEN
870;1767396287648;18;android;UNLOCK
871;1767396288548;16;android;SCREEN_OFF
872;1767396289076;2;com.google.android.apps.nexuslauncher;APP_CLOSE
873;1767396289248;17;android;LOCK
874;1767396501966;15;android;SCREEN_ON
875;1767396507016;16;android;SCREEN_OFF
876;1767396611953;15;android;SCREEN_ON
877;1767396613697;1;com.google.android.apps.nexuslauncher;APP_OPEN
878;1767396614125;18;android;UNLOCK
879;1767396616711;2;com.google.android.apps.nexuslauncher;APP_CLOSE
880;1767396616713;1;com.instagram.android;APP_OPEN
881;1767396617204;2;com.instagram.android;APP_CLOSE
882;1767396617205;1;com.instagram.android;APP_OPEN
883;1767396870779;1;com.google.android.apps.nexuslauncher;APP_OPEN
884;1767396871240;2;com.google.android.apps.nexuslauncher;APP_CLOSE
885;1767396871360;2;com.instagram.android;APP_CLOSE
886;1767396871362;1;com.google.android.googlequicksearchbox;APP_OPEN
887;1767396884185;2;com.google.android.googlequicksearchbox;APP_CLOSE
888;1767396884192;1;com.google.android.apps.maps;APP_OPEN
889;1767396905120;1;com.google.android.apps.nexuslauncher;APP_OPEN
890;1767396905532;2;com.google.android.apps.maps;APP_CLOSE
891;1767396905533;1;com.instagram.android;APP_OPEN
892;1767396905575;2;com.google.android.apps.nexuslauncher;APP_CLOSE
893;1767397033146;1;com.google.android.apps.nexuslauncher;APP_OPEN
894;1767397033241;2;com.google.android.apps.nexuslauncher;APP_CLOSE
895;1767397034147;1;com.google.android.apps.nexuslauncher;APP_OPEN
896;1767397034699;2;com.instagram.android;APP_CLOSE
897;1767397036311;16;android;SCREEN_OFF
898;1767397036827;2;com.google.android.apps.nexuslauncher;APP_CLOSE
899;1767397036996;17;android;LOCK
900;1767397400243;15;android;SCREEN_ON
901;1767397401590;16;android;SCREEN_OFF
902;1767397435486;15;android;SCREEN_ON
903;1767397449356;16;android;SCREEN_OFF
904;1767397702581;15;android;SCREEN_ON
905;1767397708153;1;com.google.android.apps.nexuslauncher;APP_OPEN
906;1767397708578;18;android;UNLOCK
907;1767397709774;2;com.google.android.apps.nexuslauncher;APP_CLOSE
908;1767397709775;1;com.instagram.android;APP_OPEN
909;1767397725863;1;com.google.android.apps.nexuslauncher;APP_OPEN
910;1767397726420;2;com.instagram.android;APP_CLOSE
911;1767397728541;2;com.google.android.apps.nexuslauncher;APP_CLOSE
912;1767397728543;1;com.google.android.apps.maps;APP_OPEN
913;1767397732123;2;com.google.android.apps.maps;APP_CLOSE
914;1767397732137;1;com.google.android.apps.nexuslauncher;APP_OPEN
915;1767397733102;2;com.google.android.apps.nexuslauncher;APP_CLOSE
916;1767397733103;1;com.google.android.apps.maps;APP_OPEN
917;1767397811894;1;com.google.android.apps.nexuslauncher;APP_OPEN
918;1767397812439;2;com.google.android.apps.maps;APP_CLOSE
919;1767397813869;16;android;SCREEN_OFF
920;1767397814379;2;com.google.android.apps.nexuslauncher;APP_CLOSE
921;1767397814531;17;android;LOCK
922;1767398090148;15;android;SCREEN_ON
923;1767398091140;1;com.google.android.apps.nexuslauncher;APP_OPEN
924;1767398091562;18;android;UNLOCK
925;1767398095723;16;android;SCREEN_OFF
926;1767398096215;2;com.google.android.apps.nexuslauncher;APP_CLOSE
927;1767398096366;17;android;LOCK
928;1767398111622;15;android;SCREEN_ON
929;1767398113593;1;com.google.android.apps.nexuslauncher;APP_OPEN
930;1767398114019;18;android;UNLOCK
931;1767398115670;2;com.google.android.apps.nexuslauncher;APP_CLOSE
932;1767398115870;1;com.google.android.youtube;APP_OPEN
933;1767398334704;1;com.google.android.apps.nexuslauncher;APP_OPEN
934;1767398335225;2;com.google.android.youtube;APP_CLOSE
935;1767398336830;16;android;SCREEN_OFF
936;1767398337337;2;com.google.android.apps.nexuslauncher;APP_CLOSE
937;1767398337497;17;android;LOCK
938;1767398354131;15;android;SCREEN_ON
939;1767398355067;16;android;SCREEN_OFF
940;1767398678489;15;android;SCREEN_ON
941;1767398688479;16;android;SCREEN_OFF
942;1767398799828;15;android;SCREEN_ON
943;1767398809821;16;android;SCREEN_OFF
944;1767398929312;15;android;SCREEN_ON
945;1767398939316;16;android;SCREEN_OFF
946;1767398972327;15;android;SCREEN_ON
947;1767398974003;1;com.google.android.apps.nexuslauncher;APP_OPEN
948;1767398974433;18;android;UNLOCK
949;1767398975670;2;com.google.android.apps.nexuslauncher;APP_CLOSE
950;1767398975671;1;com.snapchat.android;APP_OPEN
951;1767398979468;1;com.google.android.apps.nexuslauncher;APP_OPEN
952;1767398980014;2;com.snapchat.android;APP_CLOSE
953;1767398981112;16;android;SCREEN_OFF
954;1767398981611;2;com.google.android.apps.nexuslauncher;APP_CLOSE
955;1767398981780;17;android;LOCK
956;1767399040959;15;android;SCREEN_ON
957;1767399041874;16;android;SCREEN_OFF
958;1767399087018;15;android;SCREEN_ON
959;1767399088669;1;com.google.android.apps.nexuslauncher;APP_OPEN
960;1767399089117;18;android;UNLOCK
961;1767399094267;16;android;SCREEN_OFF
962;1767399094732;2;com.google.android.apps.nexuslauncher;APP_CLOSE
963;1767399094935;17;android;LOCK
964;1767399098967;15;android;SCREEN_ON
965;1767399100637;16;android;SCREEN_OFF
966;1767399320081;15;android;SCREEN_ON
967;1767399321136;1;com.google.android.apps.nexuslauncher;APP_OPEN
968;1767399321567;18;android;UNLOCK
969;1767399323181;16;android;SCREEN_OFF
970;1767399323668;2;com.google.android.apps.nexuslauncher;APP_CLOSE
971;1767399323832;17;android;LOCK
972;1767399341848;15;android;SCREEN_ON
973;1767399343159;16;android;SCREEN_OFF
974;1767399408461;15;android;SCREEN_ON
975;1767399418461;16;android;SCREEN_OFF
976;1767399418869;15;android;SCREEN_ON
977;1767399433223;16;android;SCREEN_OFF
978;1767399771155;15;android;SCREEN_ON
979;1767399784033;16;android;SCREEN_OFF
980;1767399846785;15;android;SCREEN_ON
981;1767399847645;1;com.google.android.apps.nexuslauncher;APP_OPEN
982;1767399848096;18;android;UNLOCK
983;1767399850358;2;com.google.android.apps.nexuslauncher;APP_CLOSE
984;1767399850361;1;com.snapchat.android;APP_OPEN
985;1767399866269;1;com.google.android.apps.nexuslauncher;APP_OPEN
986;1767399867296;2;com.snapchat.android;APP_CLOSE
987;1767399870207;2;com.google.android.apps.nexuslauncher;APP_CLOSE
988;1767399870210;1;com.whatsapp;APP_OPEN
989;1767399871767;2;com.whatsapp;APP_CLOSE
990;1767399871768;1;com.whatsapp;APP_OPEN
991;1767399875585;2;com.whatsapp;APP_CLOSE
992;1767399875586;1;com.whatsapp;APP_OPEN
993;1767399876633;2;com.whatsapp;APP_CLOSE
994;1767399876637;1;com.whatsapp;APP_OPEN
995;1767399906241;2;com.whatsapp;APP_CLOSE
996;1767399906243;1;com.whatsapp;APP_OPEN
997;1767399908040;1;com.google.android.apps.nexuslauncher;APP_OPEN
998;1767399908365;2;com.whatsapp;APP_CLOSE
999;1767399909555;2;com.google.android.apps.nexuslauncher;APP_CLOSE
1000;1767399909569;1;com.instagram.android;APP_OPEN
1001;1767399910001;2;com.instagram.android;APP_CLOSE
1002;1767399910003;1;com.instagram.android;APP_OPEN
1003;1767399913734;2;com.instagram.android;APP_CLOSE
1004;1767399913738;1;com.instagram.android;APP_OPEN
1005;1767399914330;2;com.instagram.android;APP_CLOSE
1006;1767399914331;1;com.instagram.android;APP_OPEN
1007;1767399949972;2;com.instagram.android;APP_CLOSE
1008;1767399949975;1;com.instagram.android;APP_OPEN
1009;1767400162397;2;com.instagram.android;APP_CLOSE
1010;1767400162398;1;com.instagram.android;APP_OPEN
1011;1767400178122;1;com.google.android.apps.nexuslauncher;APP_OPEN
1012;1767400179110;2;com.instagram.android;APP_CLOSE
1013;1767400179800;2;com.google.android.apps.nexuslauncher;APP_CLOSE
1014;1767400179803;1;com.google.android.youtube;APP_OPEN
1015;1767400408427;1;com.google.android.apps.nexuslauncher;APP_OPEN
1016;1767400409621;2;com.google.android.apps.nexuslauncher;APP_CLOSE
1017;1767400417373;1;com.google.android.apps.nexuslauncher;APP_OPEN
1018;1767400417752;2;com.google.android.youtube;APP_CLOSE
1019;1767400419312;2;com.google.android.apps.nexuslauncher;APP_CLOSE
1020;1767400419931;1;com.bumble.app;APP_OPEN
1021;1767400420116;2;com.bumble.app;APP_CLOSE
1022;1767400420117;1;com.bumble.app;APP_OPEN
1023;1767400435260;2;com.bumble.app;APP_CLOSE
1024;1767400435265;1;com.bumble.app;APP_OPEN
1025;1767400437378;2;com.bumble.app;APP_CLOSE
1026;1767400437383;1;com.bumble.app;APP_OPEN
1027;1767400444690;1;com.google.android.apps.nexuslauncher;APP_OPEN
1028;1767400445232;2;com.bumble.app;APP_CLOSE
1029;1767400445380;2;com.google.android.apps.nexuslauncher;APP_CLOSE
1030;1767400445383;1;com.android.chrome;APP_OPEN
1031;1767400446778;1;com.google.android.apps.nexuslauncher;APP_OPEN
1032;1767400446999;2;com.android.chrome;APP_CLOSE
1033;1767400451824;2;com.google.android.apps.nexuslauncher;APP_CLOSE
1034;1767400451915;1;com.google.android.apps.bard;APP_OPEN
1035;1767400451940;2;com.google.android.apps.bard;APP_CLOSE
1036;1767400451941;1;com.google.android.googlequicksearchbox;APP_OPEN
1037;1767400452039;2;com.google.android.googlequicksearchbox;APP_CLOSE
1038;1767400452043;1;com.google.android.googlequicksearchbox;APP_OPEN
1039;1767400536664;1;com.google.android.apps.nexuslauncher;APP_OPEN
1040;1767400537127;2;com.google.android.apps.nexuslauncher;APP_CLOSE
1041;1767400537196;2;com.google.android.googlequicksearchbox;APP_CLOSE
1042;1767400537199;1;com.google.android.googlequicksearchbox;APP_OPEN
1043;1767400543061;2;com.google.android.googlequicksearchbox;APP_CLOSE
1044;1767400543074;1;com.google.android.googlequicksearchbox;APP_OPEN
1045;1767400594716;1;com.google.android.apps.nexuslauncher;APP_OPEN
1046;1767400595184;2;com.google.android.apps.nexuslauncher;APP_CLOSE
1047;1767400595253;2;com.google.android.googlequicksearchbox;APP_CLOSE
1048;1767400595255;1;com.google.android.googlequicksearchbox;APP_OPEN
1049;1767400599403;2;com.google.android.googlequicksearchbox;APP_CLOSE
1050;1767400599413;1;com.google.android.googlequicksearchbox;APP_OPEN
1051;1767400601169;1;com.google.android.apps.nexuslauncher;APP_OPEN
1052;1767400602033;2;com.google.android.googlequicksearchbox;APP_CLOSE
1053;1767400602035;1;com.android.chrome;APP_OPEN
1054;1767400602077;2;com.google.android.apps.nexuslauncher;APP_CLOSE
1055;1767400602320;1;com.google.android.apps.nexuslauncher;APP_OPEN
1056;1767400602711;2;com.android.chrome;APP_CLOSE
1057;1767400602717;1;com.bumble.app;APP_OPEN
1058;1767400602746;2;com.google.android.apps.nexuslauncher;APP_CLOSE
1059;1767400648389;2;com.bumble.app;APP_CLOSE
1060;1767400648391;1;com.bumble.app;APP_OPEN
1061;1767400648504;2;com.bumble.app;APP_CLOSE
1062;1767400648507;1;com.bumble.app;APP_OPEN
1063;1767400653304;2;com.bumble.app;APP_CLOSE
1064;1767400653305;1;com.bumble.app;APP_OPEN
1065;1767400656909;2;com.bumble.app;APP_CLOSE
1066;1767400656911;1;com.bumble.app;APP_OPEN
1067;1767400656965;2;com.bumble.app;APP_CLOSE
1068;1767400657030;1;com.google.android.photopicker;APP_OPEN
1069;1767400732864;2;com.google.android.photopicker;APP_CLOSE
1070;1767400732866;1;com.bumble.app;APP_OPEN
1071;1767400752006;2;com.bumble.app;APP_CLOSE
1072;1767400752008;1;com.bumble.app;APP_OPEN
1073;1767400756791;2;com.bumble.app;APP_CLOSE
1074;1767400756795;1;com.bumble.app;APP_OPEN
1075;1767400756912;2;com.bumble.app;APP_CLOSE
1076;1767400756914;1;com.bumble.app;APP_OPEN
1077;1767400758227;2;com.bumble.app;APP_CLOSE
1078;1767400758230;1;com.bumble.app;APP_OPEN
1079;1767400766605;2;com.bumble.app;APP_CLOSE
1080;1767400766607;1;com.bumble.app;APP_OPEN
1081;1767400766780;2;com.bumble.app;APP_CLOSE
1082;1767400766786;1;com.bumble.app;APP_OPEN
1083;1767400780502;2;com.bumble.app;APP_CLOSE
1084;1767400780502;1;com.google.android.googlequicksearchbox;APP_OPEN
1085;1767400785380;1;com.google.android.apps.nexuslauncher;APP_OPEN
1086;1767400786546;2;com.google.android.googlequicksearchbox;APP_CLOSE
1087;1767400786548;1;com.google.android.googlequicksearchbox;APP_OPEN
1088;1767400786957;2;com.google.android.apps.nexuslauncher;APP_CLOSE
1089;1767400877655;1;com.google.android.apps.nexuslauncher;APP_OPEN
1090;1767400878120;2;com.google.android.apps.nexuslauncher;APP_CLOSE
1091;1767400878185;2;com.google.android.googlequicksearchbox;APP_CLOSE
1092;1767400878186;1;com.google.android.googlequicksearchbox;APP_OPEN
1093;1767400884211;2;com.google.android.googlequicksearchbox;APP_CLOSE
1094;1767400884227;1;com.google.android.googlequicksearchbox;APP_OPEN
1095;1767400894427;1;com.google.android.apps.nexuslauncher;APP_OPEN
1096;1767400894971;2;com.google.android.googlequicksearchbox;APP_CLOSE
1097;1767400894974;1;com.bumble.app;APP_OPEN
1098;1767400895009;2;com.google.android.apps.nexuslauncher;APP_CLOSE
1099;1767400895753;2;com.bumble.app;APP_CLOSE
1100;1767400895754;1;com.bumble.app;APP_OPEN
1101;1767400907605;2;com.bumble.app;APP_CLOSE
1102;1767400907606;1;com.bumble.app;APP_OPEN
1103;1767400918355;2;com.bumble.app;APP_CLOSE
1104;1767400918363;1;com.bumble.app;APP_OPEN
1105;1767400931916;1;com.google.android.apps.nexuslauncher;APP_OPEN
1106;1767400932609;2;com.bumble.app;APP_CLOSE
1107;1767400932611;1;com.google.android.googlequicksearchbox;APP_OPEN
1108;1767400932659;2;com.google.android.apps.nexuslauncher;APP_CLOSE
1109;1767400933553;1;com.google.android.apps.nexuslauncher;APP_OPEN
1110;1767400934081;2;com.google.android.googlequicksearchbox;APP_CLOSE
1111;1767400934083;1;com.android.chrome;APP_OPEN
1112;1767400934118;2;com.google.android.apps.nexuslauncher;APP_CLOSE
1113;1767400934425;1;com.google.android.apps.nexuslauncher;APP_OPEN
1114;1767400934701;2;com.android.chrome;APP_CLOSE
1115;1767400935843;2;com.google.android.apps.nexuslauncher;APP_CLOSE
1116;1767400935857;1;com.focux.pulse;APP_OPEN
1117;1767400935857;1;com.focux.pulse;APP_OPEN
1118;1767400940886;1;com.google.android.apps.nexuslauncher;APP_OPEN
1119;1767400941110;2;com.focux.pulse;APP_CLOSE
1120;1767400941246;2;com.google.android.apps.nexuslauncher;APP_CLOSE
1121;1767400941247;1;com.android.chrome;APP_OPEN
1122;1767400941998;1;com.google.android.apps.nexuslauncher;APP_OPEN
1123;1767400943173;2;com.android.chrome;APP_CLOSE
1124;1767400944653;16;android;SCREEN_OFF
1125;1767400945189;2;com.google.android.apps.nexuslauncher;APP_CLOSE
1126;1767400945331;17;android;LOCK
1127;1767400946205;15;android;SCREEN_ON
1128;1767400947531;1;com.google.android.apps.nexuslauncher;APP_OPEN
1129;1767400947955;18;android;UNLOCK
1130;1767400951130;2;com.google.android.apps.nexuslauncher;APP_CLOSE
1131;1767400951134;1;com.google.android.deskclock;APP_OPEN
1132;1767400953975;1;com.google.android.apps.nexuslauncher;APP_OPEN
1133;1767400955001;2;com.google.android.deskclock;APP_CLOSE
1134;1767400962626;2;com.google.android.apps.nexuslauncher;APP_CLOSE
1135;1767400962631;1;com.whatsapp;APP_OPEN
1136;1767400965280;2;com.whatsapp;APP_CLOSE
1137;1767400965284;1;com.whatsapp;APP_OPEN
1138;1767400973378;1;com.google.android.apps.nexuslauncher;APP_OPEN
1139;1767400973914;2;com.whatsapp;APP_CLOSE
1140;1767400984988;16;android;SCREEN_OFF
1141;1767400985524;2;com.google.android.apps.nexuslauncher;APP_CLOSE
1142;1767400985679;17;android;LOCK
1143;1767401122808;15;android;SCREEN_ON
1144;1767401134934;16;android;SCREEN_OFF
1145;1767410798542;15;android;SCREEN_ON
1146;1767410808543;16;android;SCREEN_OFF
1147;1767423423478;15;android;SCREEN_ON
1148;1767423425588;1;com.google.android.apps.nexuslauncher;APP_OPEN
1149;1767423426041;18;android;UNLOCK
1150;1767423430340;2;com.google.android.apps.nexuslauncher;APP_CLOSE
1151;1767423430593;1;com.whatsapp;APP_OPEN
1152;1767423431823;2;com.whatsapp;APP_CLOSE
1153;1767423431824;1;com.whatsapp;APP_OPEN
1154;1767423447106;2;com.whatsapp;APP_CLOSE
1155;1767423447107;1;com.whatsapp;APP_OPEN
1156;1767423454178;2;com.whatsapp;APP_CLOSE
1157;1767423454180;1;com.whatsapp;APP_OPEN
1158;1767423460911;2;com.whatsapp;APP_CLOSE
1159;1767423460915;1;com.whatsapp;APP_OPEN
1160;1767423508086;2;com.whatsapp;APP_CLOSE
1161;1767423508087;1;com.whatsapp;APP_OPEN
1162;1767423509826;2;com.whatsapp;APP_CLOSE
1163;1767423509830;1;com.whatsapp;APP_OPEN
1164;1767423532320;2;com.whatsapp;APP_CLOSE
1165;1767423532321;1;com.whatsapp;APP_OPEN
1166;1767423535693;1;com.google.android.apps.nexuslauncher;APP_OPEN
1167;1767423535909;2;com.whatsapp;APP_CLOSE
1168;1767423539425;2;com.google.android.apps.nexuslauncher;APP_CLOSE
1169;1767423539425;1;com.google.android.gm;APP_OPEN
1170;1767423553891;1;com.google.android.apps.nexuslauncher;APP_OPEN
1171;1767423554145;2;com.google.android.gm;APP_CLOSE
1172;1767423562011;2;com.google.android.apps.nexuslauncher;APP_CLOSE
1173;1767423562015;1;com.google.android.googlequicksearchbox;APP_OPEN
1174;1767423562064;2;com.google.android.googlequicksearchbox;APP_CLOSE
1175;1767423562072;1;com.google.android.apps.weather;APP_OPEN
1176;1767423562426;2;com.google.android.apps.weather;APP_CLOSE
1177;1767423562429;1;com.google.android.apps.weather;APP_OPEN
1178;1767423585306;1;com.google.android.apps.nexuslauncher;APP_OPEN
1179;1767423585941;2;com.google.android.apps.weather;APP_CLOSE
1180;1767423585944;1;com.google.android.gm;APP_OPEN
1181;1767423585992;2;com.google.android.apps.nexuslauncher;APP_CLOSE
1182;1767423586734;1;com.google.android.apps.nexuslauncher;APP_OPEN
1183;1767423586972;2;com.google.android.gm;APP_CLOSE
1184;1767423589609;2;com.google.android.apps.nexuslauncher;APP_CLOSE
1185;1767423589614;1;com.whatsapp;APP_OPEN
1186;1767423597765;1;com.google.android.apps.nexuslauncher;APP_OPEN
1187;1767423598285;2;com.whatsapp;APP_CLOSE
1188;1767423600270;2;com.google.android.apps.nexuslauncher;APP_CLOSE
1189;1767423600271;1;com.whatsapp;APP_OPEN
1190;1767423603941;1;com.google.android.apps.nexuslauncher;APP_OPEN
1191;1767423604470;2;com.whatsapp;APP_CLOSE
1192;1767423604855;2;com.google.android.apps.nexuslauncher;APP_CLOSE
1193;1767423605120;1;de.hafas.android.db;APP_OPEN
1194;1767423610296;2;de.hafas.android.db;APP_CLOSE
1195;1767423610301;1;de.hafas.android.db;APP_OPEN
1196;1767423613241;2;de.hafas.android.db;APP_CLOSE
1197;1767423613242;1;de.hafas.android.db;APP_OPEN
1198;1767423642901;1;com.google.android.apps.nexuslauncher;APP_OPEN
1199;1767423643386;2;de.hafas.android.db;APP_CLOSE
1200;1767423646328;2;com.google.android.apps.nexuslauncher;APP_CLOSE
1201;1767423646339;1;com.whatsapp;APP_OPEN
1202;1767423655101;1;com.google.android.apps.nexuslauncher;APP_OPEN
1203;1767423655640;2;com.whatsapp;APP_CLOSE
1204;1767423701755;16;android;SCREEN_OFF
1205;1767423702269;2;com.google.android.apps.nexuslauncher;APP_CLOSE
1206;1767423702437;17;android;LOCK
1207;1767427388147;15;android;SCREEN_ON
1208;1767427398134;16;android;SCREEN_OFF
1209;1767428789073;15;android;SCREEN_ON
1210;1767428799075;16;android;SCREEN_OFF
1211;1767428894519;15;android;SCREEN_ON
1212;1767428894541;1;com.whatsapp;APP_OPEN
1213;1767428894676;2;com.whatsapp;APP_CLOSE
1214;1767428894680;1;com.whatsapp;APP_OPEN
1215;1767428914062;2;com.whatsapp;APP_CLOSE
1216;1767428914063;1;com.google.android.apps.nexuslauncher;APP_OPEN
1217;1767428914078;2;com.google.android.apps.nexuslauncher;APP_CLOSE
1218;1767428916006;1;com.google.android.apps.nexuslauncher;APP_OPEN
1219;1767428916424;18;android;UNLOCK
1220;1767428920588;2;com.google.android.apps.nexuslauncher;APP_CLOSE
1221;1767428920594;1;com.google.android.apps.photos;APP_OPEN
1222;1767428920733;2;com.google.android.apps.photos;APP_CLOSE
1223;1767428920755;1;com.google.android.apps.photos;APP_OPEN
1224;1767428923327;2;com.google.android.apps.photos;APP_CLOSE
1225;1767428923334;1;com.google.android.apps.photos;APP_OPEN
1226;1767428923670;1;com.google.android.apps.nexuslauncher;APP_OPEN
1227;1767428923923;2;com.google.android.apps.photos;APP_CLOSE
1228;1767428925000;2;com.google.android.apps.nexuslauncher;APP_CLOSE
1229;1767428925006;1;com.snapchat.android;APP_OPEN
1230;1767428928972;1;com.google.android.apps.nexuslauncher;APP_OPEN
1231;1767428929488;2;com.snapchat.android;APP_CLOSE
1232;1767428930099;16;android;SCREEN_OFF
1233;1767428930573;2;com.google.android.apps.nexuslauncher;APP_CLOSE
1234;1767428930725;17;android;LOCK
1235;1767428930883;15;android;SCREEN_ON
1236;1767428941204;16;android;SCREEN_OFF
1237;1767431471237;15;android;SCREEN_ON
1238;1767431481239;16;android;SCREEN_OFF
1239;1767432631488;15;android;SCREEN_ON
1240;1767432641485;16;android;SCREEN_OFF
1241;1767433031444;15;android;SCREEN_ON
1242;1767433155832;16;android;SCREEN_OFF
1243;1767433518631;15;android;SCREEN_ON
1244;1767433520076;1;com.google.android.apps.nexuslauncher;APP_OPEN
1245;1767433520515;18;android;UNLOCK
1246;1767433522190;2;com.google.android.apps.nexuslauncher;APP_CLOSE
1247;1767433522191;1;com.snapchat.android;APP_OPEN
1248;1767433525902;1;com.google.android.apps.nexuslauncher;APP_OPEN
1249;1767433526445;2;com.snapchat.android;APP_CLOSE
1250;1767433526605;16;android;SCREEN_OFF
1251;1767433527085;2;com.google.android.apps.nexuslauncher;APP_CLOSE
1252;1767433527244;17;android;LOCK
1253;1767433687877;15;android;SCREEN_ON
1254;1767433691257;1;com.google.android.apps.nexuslauncher;APP_OPEN
1255;1767433691699;18;android;UNLOCK
1256;1767433694507;2;com.google.android.apps.nexuslauncher;APP_CLOSE
1257;1767433694512;1;com.whatsapp;APP_OPEN
1258;1767433702306;2;com.whatsapp;APP_CLOSE
1259;1767433702307;1;com.whatsapp;APP_OPEN
1260;1767433703695;2;com.whatsapp;APP_CLOSE
1261;1767433703699;1;com.whatsapp;APP_OPEN
1262;1767433705452;2;com.whatsapp;APP_CLOSE
1263;1767433705804;1;com.tribab.tricount.android;APP_OPEN
1264;1767433706265;2;com.tribab.tricount.android;APP_CLOSE
1265;1767433706270;1;com.tribab.tricount.android;APP_OPEN
1266;1767433768322;2;com.tribab.tricount.android;APP_CLOSE
1267;1767433768324;1;com.tribab.tricount.android;APP_OPEN
1268;1767433769139;1;com.google.android.apps.nexuslauncher;APP_OPEN
1269;1767433769667;2;com.tribab.tricount.android;APP_CLOSE
1270;1767433770405;2;com.google.android.apps.nexuslauncher;APP_CLOSE
1271;1767433770411;1;com.tribab.tricount.android;APP_OPEN
1272;1767433797110;1;com.google.android.apps.nexuslauncher;APP_OPEN
1273;1767433797627;2;com.tribab.tricount.android;APP_CLOSE
1274;1767433803993;2;com.google.android.apps.nexuslauncher;APP_CLOSE
1275;1767433803996;1;com.tribab.tricount.android;APP_OPEN
1276;1767433840249;2;com.tribab.tricount.android;APP_CLOSE
1277;1767433840250;1;com.tribab.tricount.android;APP_OPEN
1278;1767433843451;2;com.tribab.tricount.android;APP_CLOSE
1279;1767433843455;1;com.tribab.tricount.android;APP_OPEN
1280;1767433846578;1;com.google.android.apps.nexuslauncher;APP_OPEN
1281;1767433847142;2;com.tribab.tricount.android;APP_CLOSE
1282;1767433847146;1;com.whatsapp;APP_OPEN
1283;1767433847190;2;com.google.android.apps.nexuslauncher;APP_CLOSE
1284;1767433866227;2;com.whatsapp;APP_CLOSE
1285;1767433866228;1;com.whatsapp;APP_OPEN
1286;1767433867380;2;com.whatsapp;APP_CLOSE
1287;1767433867383;1;com.whatsapp;APP_OPEN
1288;1767433896272;2;com.whatsapp;APP_CLOSE
1289;1767433896273;1;com.whatsapp;APP_OPEN
1290;1767433897854;2;com.whatsapp;APP_CLOSE
1291;1767433897857;1;com.whatsapp;APP_OPEN
1292;1767433900831;1;com.google.android.apps.nexuslauncher;APP_OPEN
1293;1767433901173;2;com.whatsapp;APP_CLOSE
1294;1767433906551;2;com.google.android.apps.nexuslauncher;APP_CLOSE
1295;1767433906958;1;de.traderepublic.app;APP_OPEN
1296;1767433907012;2;de.traderepublic.app;APP_CLOSE
1297;1767433907014;1;de.traderepublic.app;APP_OPEN
1298;1767433922213;1;com.google.android.apps.nexuslauncher;APP_OPEN
1299;1767433922744;2;de.traderepublic.app;APP_CLOSE
1300;1767433933122;2;com.google.android.apps.nexuslauncher;APP_CLOSE
1301;1767433934072;1;com.starfinanz.smob.android.sfinanzstatus;APP_OPEN
1302;1767433934099;2;com.starfinanz.smob.android.sfinanzstatus;APP_CLOSE
1303;1767433934100;1;com.starfinanz.smob.android.sfinanzstatus;APP_OPEN
1304;1767433934163;2;com.starfinanz.smob.android.sfinanzstatus;APP_CLOSE
1305;1767433934170;1;com.starfinanz.smob.android.sfinanzstatus;APP_OPEN
1306;1767433938595;2;com.starfinanz.smob.android.sfinanzstatus;APP_CLOSE
1307;1767433938596;1;com.starfinanz.smob.android.sfinanzstatus;APP_OPEN
1308;1767433939209;2;com.starfinanz.smob.android.sfinanzstatus;APP_CLOSE
1309;1767433939212;1;com.starfinanz.smob.android.sfinanzstatus;APP_OPEN
1310;1767433965320;2;com.starfinanz.smob.android.sfinanzstatus;APP_CLOSE
1311;1767433965323;1;com.starfinanz.smob.android.sfinanzstatus;APP_OPEN
1312;1767433976848;1;com.google.android.apps.nexuslauncher;APP_OPEN
1313;1767433981098;2;com.google.android.apps.nexuslauncher;APP_CLOSE
1314;1767434033238;2;com.starfinanz.smob.android.sfinanzstatus;APP_CLOSE
1315;1767434033241;1;com.starfinanz.smob.android.sfinanzstatus;APP_OPEN
1316;1767434033356;2;com.starfinanz.smob.android.sfinanzstatus;APP_CLOSE
1317;1767434033371;1;com.starfinanz.mobile.android.pushtan;APP_OPEN
1318;1767434043107;2;com.starfinanz.mobile.android.pushtan;APP_CLOSE
1319;1767434043109;1;com.starfinanz.smob.android.sfinanzstatus;APP_OPEN
1320;1767434044479;2;com.starfinanz.smob.android.sfinanzstatus;APP_CLOSE
1321;1767434044481;1;com.starfinanz.smob.android.sfinanzstatus;APP_OPEN
1322;1767434057462;2;com.starfinanz.smob.android.sfinanzstatus;APP_CLOSE
1323;1767434057463;1;com.starfinanz.smob.android.sfinanzstatus;APP_OPEN
1324;1767434060062;2;com.starfinanz.smob.android.sfinanzstatus;APP_CLOSE
1325;1767434060063;1;com.starfinanz.smob.android.sfinanzstatus;APP_OPEN
1326;1767434060106;2;com.starfinanz.smob.android.sfinanzstatus;APP_CLOSE
1327;1767434060107;1;com.google.android.apps.nexuslauncher;APP_OPEN
1328;1767434063622;2;com.google.android.apps.nexuslauncher;APP_CLOSE
1329;1767434063632;1;com.bumble.app;APP_OPEN
1330;1767434063947;2;com.bumble.app;APP_CLOSE
1331;1767434063949;1;com.bumble.app;APP_OPEN
1332;1767434068095;1;com.google.android.apps.nexuslauncher;APP_OPEN
1333;1767434068174;2;com.google.android.apps.nexuslauncher;APP_CLOSE
1334;1767434070505;1;com.google.android.apps.nexuslauncher;APP_OPEN
1335;1767434071309;2;com.bumble.app;APP_CLOSE
1336;1767434073150;2;com.google.android.apps.nexuslauncher;APP_CLOSE
1337;1767434073152;1;com.whatsapp;APP_OPEN
1338;1767434082361;2;com.whatsapp;APP_CLOSE
1339;1767434082361;1;com.whatsapp;APP_OPEN
1340;1767434087003;2;com.whatsapp;APP_CLOSE
1341;1767434087006;1;com.whatsapp;APP_OPEN
1342;1767434095353;2;com.whatsapp;APP_CLOSE
1343;1767434095354;1;com.whatsapp;APP_OPEN
1344;1767434098086;2;com.whatsapp;APP_CLOSE
1345;1767434098089;1;com.whatsapp;APP_OPEN
1346;1767434130787;2;com.whatsapp;APP_CLOSE
1347;1767434130787;1;com.whatsapp;APP_OPEN
1348;1767434136710;2;com.whatsapp;APP_CLOSE
1349;1767434136715;1;com.whatsapp;APP_OPEN
1350;1767434140426;2;com.whatsapp;APP_CLOSE
1351;1767434140427;1;com.whatsapp;APP_OPEN
1352;1767434144307;1;com.google.android.apps.nexuslauncher;APP_OPEN
1353;1767434144533;2;com.whatsapp;APP_CLOSE
1354;1767434153695;16;android;SCREEN_OFF
1355;1767434154234;2;com.google.android.apps.nexuslauncher;APP_CLOSE
1356;1767434154399;17;android;LOCK
1357;1767434283763;15;android;SCREEN_ON
1358;1767434286004;1;com.google.android.apps.nexuslauncher;APP_OPEN
1359;1767434286428;18;android;UNLOCK
1360;1767434287870;2;com.google.android.apps.nexuslauncher;APP_CLOSE
1361;1767434287875;1;com.whatsapp;APP_OPEN
1362;1767434288738;2;com.whatsapp;APP_CLOSE
1363;1767434288739;1;com.whatsapp;APP_OPEN
1364;1767434291062;1;com.google.android.apps.nexuslauncher;APP_OPEN
1365;1767434291677;2;com.whatsapp;APP_CLOSE
1366;1767434291703;1;com.starfinanz.smob.android.sfinanzstatus;APP_OPEN
1367;1767434291744;2;com.google.android.apps.nexuslauncher;APP_CLOSE
1368;1767434291744;2;com.starfinanz.smob.android.sfinanzstatus;APP_CLOSE
1369;1767434291746;1;com.starfinanz.smob.android.sfinanzstatus;APP_OPEN
1370;1767434291817;2;com.starfinanz.smob.android.sfinanzstatus;APP_CLOSE
1371;1767434291823;1;com.starfinanz.smob.android.sfinanzstatus;APP_OPEN
1372;1767434291986;1;com.google.android.apps.nexuslauncher;APP_OPEN
1373;1767434293336;2;com.starfinanz.smob.android.sfinanzstatus;APP_CLOSE
1374;1767434293402;2;com.google.android.apps.nexuslauncher;APP_CLOSE
1375;1767434293403;1;com.starfinanz.mobile.android.pushtan;APP_OPEN
1376;1767434293480;2;com.starfinanz.mobile.android.pushtan;APP_CLOSE
1377;1767434293485;1;com.starfinanz.mobile.android.pushtan;APP_OPEN
1378;1767434293950;1;com.google.android.apps.nexuslauncher;APP_OPEN
1379;1767434295861;2;com.starfinanz.mobile.android.pushtan;APP_CLOSE
1380;1767434296088;2;com.google.android.apps.nexuslauncher;APP_CLOSE
1381;1767434296088;1;com.whatsapp;APP_OPEN
1382;1767434300539;2;com.whatsapp;APP_CLOSE
1383;1767434300542;1;com.whatsapp;APP_OPEN
1384;1767434300940;2;com.whatsapp;APP_CLOSE
1385;1767434300942;1;com.whatsapp;APP_OPEN
1386;1767434301480;2;com.whatsapp;APP_CLOSE
1387;1767434301483;1;com.whatsapp;APP_OPEN
1388;1767434320540;2;com.whatsapp;APP_CLOSE
1389;1767434320541;1;com.whatsapp;APP_OPEN
1390;1767434321520;1;com.google.android.apps.nexuslauncher;APP_OPEN
1391;1767434322079;2;com.whatsapp;APP_CLOSE
1392;1767434324781;2;com.google.android.apps.nexuslauncher;APP_CLOSE
1393;1767434324803;1;com.google.android.youtube;APP_OPEN
1394;1767434347721;2;com.google.android.youtube;APP_CLOSE
1395;1767434347747;1;com.whatsapp;APP_OPEN
1396;1767434350615;1;com.google.android.apps.nexuslauncher;APP_OPEN
1397;1767434351068;2;com.whatsapp;APP_CLOSE
1398;1767434351069;1;com.google.android.youtube;APP_OPEN
1399;1767434351113;2;com.google.android.apps.nexuslauncher;APP_CLOSE
1400;1767434354691;2;com.google.android.youtube;APP_CLOSE
1401;1767434354707;1;com.whatsapp;APP_OPEN
1402;1767434355743;1;com.google.android.apps.nexuslauncher;APP_OPEN
1403;1767434356225;2;com.whatsapp;APP_CLOSE
1404;1767434356228;1;com.google.android.youtube;APP_OPEN
1405;1767434356269;2;com.google.android.apps.nexuslauncher;APP_CLOSE
1406;1767434361338;1;com.google.android.apps.nexuslauncher;APP_OPEN
1407;1767434361650;2;com.google.android.youtube;APP_CLOSE
1408;1767434361650;1;com.whatsapp;APP_OPEN
1409;1767434361687;2;com.google.android.apps.nexuslauncher;APP_CLOSE
1410;1767434382152;1;com.google.android.apps.nexuslauncher;APP_OPEN
1411;1767434382808;2;com.google.android.apps.nexuslauncher;APP_CLOSE
1412;1767434382922;2;com.whatsapp;APP_CLOSE
1413;1767434382924;1;com.google.android.apps.nexuslauncher;APP_OPEN
1414;1767434385302;2;com.google.android.apps.nexuslauncher;APP_CLOSE
1415;1767434385305;1;com.google.android.youtube;APP_OPEN
1416;1767434538077;1;com.google.android.apps.nexuslauncher;APP_OPEN
1417;1767434538191;2;com.google.android.apps.nexuslauncher;APP_CLOSE
1418;1767434538836;1;com.google.android.apps.nexuslauncher;APP_OPEN
1419;1767434539221;2;com.google.android.youtube;APP_CLOSE
1420;1767434546735;16;android;SCREEN_OFF
1421;1767434547269;2;com.google.android.apps.nexuslauncher;APP_CLOSE
1422;1767434547431;17;android;LOCK
1423;1767436580821;15;android;SCREEN_ON
1424;1767436585538;1;com.google.android.apps.nexuslauncher;APP_OPEN
1425;1767436585984;18;android;UNLOCK
1426;1767436590108;2;com.google.android.apps.nexuslauncher;APP_CLOSE
1427;1767436590125;1;com.whatsapp;APP_OPEN
1428;1767436598444;2;com.whatsapp;APP_CLOSE
1429;1767436598445;1;com.whatsapp;APP_OPEN
1430;1767436643854;1;com.google.android.apps.nexuslauncher;APP_OPEN
1431;1767436644128;2;com.whatsapp;APP_CLOSE
1432;1767436723029;2;com.google.android.apps.nexuslauncher;APP_CLOSE
1433;1767436723165;1;news.marketfeed.marketfeed;APP_OPEN
1434;1767436785650;1;com.google.android.apps.nexuslauncher;APP_OPEN
1435;1767436785816;2;news.marketfeed.marketfeed;APP_CLOSE
1436;1767436787427;16;android;SCREEN_OFF
1437;1767436787951;2;com.google.android.apps.nexuslauncher;APP_CLOSE
1438;1767436788171;17;android;LOCK
1439;1767437731489;15;android;SCREEN_ON
1440;1767437734433;1;com.google.android.apps.nexuslauncher;APP_OPEN
1441;1767437734890;18;android;UNLOCK
1442;1767437735488;2;com.google.android.apps.nexuslauncher;APP_CLOSE
1443;1767437735492;1;com.whatsapp;APP_OPEN
1444;1767437742086;2;com.whatsapp;APP_CLOSE
1445;1767437742087;1;com.whatsapp;APP_OPEN
1446;1767437746193;2;com.whatsapp;APP_CLOSE
1447;1767437746194;1;com.whatsapp;APP_OPEN
1448;1767437751762;2;com.whatsapp;APP_CLOSE
1449;1767437751763;1;com.whatsapp;APP_OPEN
1450;1767437786514;1;com.google.android.apps.nexuslauncher;APP_OPEN
1451;1767437786660;2;com.whatsapp;APP_CLOSE
1452;1767437791373;2;com.google.android.apps.nexuslauncher;APP_CLOSE
1453;1767437791374;1;com.whatsapp;APP_OPEN
1454;1767437792103;2;com.whatsapp;APP_CLOSE
1455;1767437792107;1;com.whatsapp;APP_OPEN
1456;1767437889398;2;com.whatsapp;APP_CLOSE
1457;1767437889399;1;com.whatsapp;APP_OPEN
1458;1767437900203;2;com.whatsapp;APP_CLOSE
1459;1767437900206;1;com.whatsapp;APP_OPEN
1460;1767438018563;2;com.whatsapp;APP_CLOSE
1461;1767438018565;1;com.whatsapp;APP_OPEN
1462;1767438032639;2;com.whatsapp;APP_CLOSE
1463;1767438032642;1;com.whatsapp;APP_OPEN
1464;1767438129301;2;com.whatsapp;APP_CLOSE
1465;1767438129303;1;com.whatsapp;APP_OPEN
1466;1767438129988;1;com.google.android.apps.nexuslauncher;APP_OPEN
1467;1767438130573;2;com.whatsapp;APP_CLOSE
1468;1767438136043;2;com.google.android.apps.nexuslauncher;APP_CLOSE
1469;1767438136053;1;com.instagram.android;APP_OPEN
1470;1767438136167;2;com.instagram.android;APP_CLOSE
1471;1767438136168;1;com.instagram.android;APP_OPEN
1472;1767438136313;2;com.instagram.android;APP_CLOSE
1473;1767438136314;1;com.instagram.android;APP_OPEN
1474;1767438136447;2;com.instagram.android;APP_CLOSE
1475;1767438136460;1;com.instagram.android;APP_OPEN
1476;1767438137768;2;com.instagram.android;APP_CLOSE
1477;1767438137770;1;com.instagram.android;APP_OPEN
1478;1767438167323;2;com.instagram.android;APP_CLOSE
1479;1767438167326;1;com.instagram.android;APP_OPEN
1480;1767438171477;2;com.instagram.android;APP_CLOSE
1481;1767438171484;1;com.instagram.android;APP_OPEN
1482;1767438225006;2;com.instagram.android;APP_CLOSE
1483;1767438225011;1;com.instagram.android;APP_OPEN
1484;1767438226100;2;com.instagram.android;APP_CLOSE
1485;1767438226101;1;com.instagram.android;APP_OPEN
1486;1767438303130;2;com.instagram.android;APP_CLOSE
1487;1767438303132;1;com.instagram.android;APP_OPEN
1488;1767438309247;2;com.instagram.android;APP_CLOSE
1489;1767438309248;1;com.instagram.android;APP_OPEN
1490;1767438309916;1;com.google.android.apps.nexuslauncher;APP_OPEN
1491;1767438310477;2;com.instagram.android;APP_CLOSE
1492;1767438310636;16;android;SCREEN_OFF
1493;1767438311135;2;com.google.android.apps.nexuslauncher;APP_CLOSE
1494;1767438311296;17;android;LOCK
1495;1767438313381;15;android;SCREEN_ON
1496;1767438317051;1;com.google.android.apps.nexuslauncher;APP_OPEN
1497;1767438317476;18;android;UNLOCK
1498;1767438318926;2;com.google.android.apps.nexuslauncher;APP_CLOSE
1499;1767438318927;1;com.instagram.android;APP_OPEN
1500;1767438319500;2;com.instagram.android;APP_CLOSE
1501;1767438319502;1;com.instagram.android;APP_OPEN
1502;1767438391805;2;com.instagram.android;APP_CLOSE
1503;1767438391807;1;com.instagram.android;APP_OPEN
1504;1767438392629;2;com.instagram.android;APP_CLOSE
1505;1767438392632;1;com.instagram.android;APP_OPEN
1506;1767438409216;2;com.instagram.android;APP_CLOSE
1507;1767438409218;1;com.instagram.android;APP_OPEN
1508;1767438411707;1;com.google.android.apps.nexuslauncher;APP_OPEN
1509;1767438412253;2;com.instagram.android;APP_CLOSE
1510;1767438414261;16;android;SCREEN_OFF
1511;1767438414781;2;com.google.android.apps.nexuslauncher;APP_CLOSE
1512;1767438414944;17;android;LOCK
1513;1767438775326;15;android;SCREEN_ON
1514;1767438776225;1;com.google.android.apps.nexuslauncher;APP_OPEN
1515;1767438776679;18;android;UNLOCK
1516;1767438778976;2;com.google.android.apps.nexuslauncher;APP_CLOSE
1517;1767438778982;1;org.telegram.messenger;APP_OPEN
1518;1767438779490;2;org.telegram.messenger;APP_CLOSE
1519;1767438779492;1;com.google.android.permissioncontroller;APP_OPEN
1520;1767438779785;2;com.google.android.permissioncontroller;APP_CLOSE
1521;1767438779785;1;org.telegram.messenger;APP_OPEN
1522;1767438863847;1;com.google.android.apps.nexuslauncher;APP_OPEN
1523;1767438864420;2;org.telegram.messenger;APP_CLOSE
1524;1767438865189;16;android;SCREEN_OFF
1525;1767438865700;2;com.google.android.apps.nexuslauncher;APP_CLOSE
1526;1767438865857;17;android;LOCK
1527;1767438986116;15;android;SCREEN_ON
1528;1767439000226;16;android;SCREEN_OFF
1529;1767440698424;15;android;SCREEN_ON
1530;1767440699465;1;com.google.android.apps.nexuslauncher;APP_OPEN
1531;1767440699890;18;android;UNLOCK
1532;1767440705917;2;com.google.android.apps.nexuslauncher;APP_CLOSE
1533;1767440705922;1;com.google.android.permissioncontroller;APP_OPEN
1534;1767440708021;1;com.google.android.apps.nexuslauncher;APP_OPEN
1535;1767440708374;2;com.google.android.permissioncontroller;APP_CLOSE
1536;1767440712434;2;com.google.android.apps.nexuslauncher;APP_CLOSE
1537;1767440712438;1;com.google.android.gm;APP_OPEN
1538;1767440718801;1;com.google.android.apps.nexuslauncher;APP_OPEN
1539;1767440719029;2;com.google.android.gm;APP_CLOSE
1540;1767440721875;2;com.google.android.apps.nexuslauncher;APP_CLOSE
1541;1767440721878;1;com.snapchat.android;APP_OPEN
1542;1767440725386;1;com.google.android.apps.nexuslauncher;APP_OPEN
1543;1767440726342;2;com.snapchat.android;APP_CLOSE
1544;1767440729356;16;android;SCREEN_OFF
1545;1767440729863;2;com.google.android.apps.nexuslauncher;APP_CLOSE
1546;1767440730017;17;android;LOCK
1547;1767440817509;15;android;SCREEN_ON
1548;1767440819020;1;com.google.android.apps.nexuslauncher;APP_OPEN
1549;1767440819448;18;android;UNLOCK
1550;1767440830083;2;com.google.android.apps.nexuslauncher;APP_CLOSE
1551;1767440830089;1;com.android.chrome;APP_OPEN
1552;1767441783902;1;com.google.android.apps.nexuslauncher;APP_OPEN
1553;1767441784956;2;com.android.chrome;APP_CLOSE
1554;1767441785275;16;android;SCREEN_OFF
1555;1767441785837;2;com.google.android.apps.nexuslauncher;APP_CLOSE
1556;1767441786009;17;android;LOCK
1557;1767442372398;15;android;SCREEN_ON
1558;1767442374068;1;com.google.android.apps.nexuslauncher;APP_OPEN
1559;1767442374495;18;android;UNLOCK
1560;1767442378991;2;com.google.android.apps.nexuslauncher;APP_CLOSE
1561;1767442379272;1;com.snapchat.android;APP_OPEN
1562;1767442394093;1;com.google.android.apps.nexuslauncher;APP_OPEN
1563;1767442395042;2;com.snapchat.android;APP_CLOSE
1564;1767442398842;2;com.google.android.apps.nexuslauncher;APP_CLOSE
1565;1767442398845;1;com.whatsapp;APP_OPEN
1566;1767442401318;1;com.google.android.apps.nexuslauncher;APP_OPEN
1567;1767442401866;2;com.whatsapp;APP_CLOSE
1568;1767442402310;16;android;SCREEN_OFF
1569;1767442402838;2;com.google.android.apps.nexuslauncher;APP_CLOSE
1570;1767442403020;17;android;LOCK
1571;1767443085087;15;android;SCREEN_ON
1572;1767443086590;1;com.google.android.googlequicksearchbox;APP_OPEN
1573;1767443091019;2;com.google.android.googlequicksearchbox;APP_CLOSE
1574;1767443091031;1;com.google.android.deskclock;APP_OPEN
1575;1767443091092;2;com.google.android.deskclock;APP_CLOSE
1576;1767443091094;1;com.google.android.googlequicksearchbox;APP_OPEN
1577;1767443094958;2;com.google.android.googlequicksearchbox;APP_CLOSE
1578;1767443094959;1;com.google.android.apps.nexuslauncher;APP_OPEN
1579;1767443094975;2;com.google.android.apps.nexuslauncher;APP_CLOSE
1580;1767443096008;1;com.google.android.apps.nexuslauncher;APP_OPEN
1581;1767443096440;18;android;UNLOCK
1582;1767443099595;2;com.google.android.apps.nexuslauncher;APP_CLOSE
1583;1767443099599;1;com.google.android.gm;APP_OPEN
1584;1767443120058;1;com.google.android.apps.nexuslauncher;APP_OPEN
1585;1767443120971;16;android;SCREEN_OFF
1586;1767443121005;2;com.google.android.gm;APP_CLOSE
1587;1767443121461;2;com.google.android.apps.nexuslauncher;APP_CLOSE
1588;1767443121614;17;android;LOCK
1589;1767443220840;15;android;SCREEN_ON
1590;1767443221183;1;com.google.android.deskclock;APP_OPEN
1591;1767443227667;2;com.google.android.deskclock;APP_CLOSE
1592;1767443227668;1;com.google.android.apps.nexuslauncher;APP_OPEN
1593;1767443227683;2;com.google.android.apps.nexuslauncher;APP_CLOSE
1594;1767443236185;16;android;SCREEN_OFF
1595;1767443464224;15;android;SCREEN_ON
1596;1767443476480;16;android;SCREEN_OFF
1597;1767444302420;15;android;SCREEN_ON
1598;1767444312422;16;android;SCREEN_OFF
1599;1767444480175;15;android;SCREEN_ON
1600;1767444482302;1;com.google.android.apps.nexuslauncher;APP_OPEN
1601;1767444482749;18;android;UNLOCK
1602;1767444489148;2;com.google.android.apps.nexuslauncher;APP_CLOSE
1603;1767444489151;1;com.whatsapp;APP_OPEN
1604;1767444492018;1;com.google.android.apps.nexuslauncher;APP_OPEN
1605;1767444492089;2;com.google.android.apps.nexuslauncher;APP_CLOSE
1606;1767444498020;1;com.google.android.apps.nexuslauncher;APP_OPEN
1607;1767444498430;2;com.whatsapp;APP_CLOSE
1608;1767444498431;1;com.google.android.gm;APP_OPEN
1609;1767444498473;2;com.google.android.apps.nexuslauncher;APP_CLOSE
1610;1767444499488;1;com.google.android.apps.nexuslauncher;APP_OPEN
1611;1767444500457;2;com.google.android.gm;APP_CLOSE
1612;1767444500772;16;android;SCREEN_OFF
1613;1767444501301;2;com.google.android.apps.nexuslauncher;APP_CLOSE
1614;1767444501462;17;android;LOCK
1615;1767444529134;15;android;SCREEN_ON
1616;1767444531012;1;com.google.android.apps.nexuslauncher;APP_OPEN
1617;1767444531441;18;android;UNLOCK
1618;1767444533891;2;com.google.android.apps.nexuslauncher;APP_CLOSE
1619;1767444533895;1;com.whatsapp;APP_OPEN
1620;1767444535433;2;com.whatsapp;APP_CLOSE
1621;1767444535437;1;com.whatsapp;APP_OPEN
1622;1767444547318;1;com.google.android.apps.nexuslauncher;APP_OPEN
1623;1767444547834;2;com.whatsapp;APP_CLOSE
1624;1767444547835;1;com.google.android.gm;APP_OPEN
1625;1767444547879;2;com.google.android.apps.nexuslauncher;APP_CLOSE
1626;1767444549173;1;com.google.android.apps.nexuslauncher;APP_OPEN
1627;1767444550142;2;com.google.android.gm;APP_CLOSE
1628;1767444669137;16;android;SCREEN_OFF
1629;1767444669708;2;com.google.android.apps.nexuslauncher;APP_CLOSE
1630;1767444674795;17;android;LOCK
1631;1767444705686;15;android;SCREEN_ON
1632;1767444711737;1;com.google.android.apps.nexuslauncher;APP_OPEN
1633;1767444712158;18;android;UNLOCK
1634;1767444717908;2;com.google.android.apps.nexuslauncher;APP_CLOSE
1635;1767444717909;1;com.google.android.apps.nexuslauncher;APP_OPEN
1636;1767444717929;2;com.google.android.apps.nexuslauncher;APP_CLOSE
1637;1767444717931;1;com.android.settings;APP_OPEN
1638;1767444717965;2;com.android.settings;APP_CLOSE
1639;1767444717968;1;com.android.settings;APP_OPEN
1640;1767444718806;2;com.android.settings;APP_CLOSE
1641;1767444718809;1;com.android.settings;APP_OPEN
1642;1767444719592;2;com.android.settings;APP_CLOSE
1643;1767444719593;1;com.android.settings;APP_OPEN
1644;1767444722520;2;com.android.settings;APP_CLOSE
1645;1767444722523;1;com.android.settings;APP_OPEN
1646;1767444733456;2;com.android.settings;APP_CLOSE
1647;1767444733460;1;com.android.settings;APP_OPEN
1648;1767444740717;2;com.android.settings;APP_CLOSE
1649;1767444740717;1;com.android.settings;APP_OPEN
1650;1767444747294;1;com.google.android.apps.nexuslauncher;APP_OPEN
1651;1767444747838;2;com.android.settings;APP_CLOSE
1652;1767444752932;2;com.google.android.apps.nexuslauncher;APP_CLOSE
1653;1767444753347;1;com.focux.pulse;APP_OPEN
1654;1767444753347;1;com.focux.pulse;APP_OPEN
1655;1767444757757;1;com.google.android.apps.nexuslauncher;APP_OPEN
1656;1767444757830;2;com.google.android.apps.nexuslauncher;APP_CLOSE
1657;1767444760333;1;com.google.android.apps.nexuslauncher;APP_OPEN
1658;1767444760399;2;com.google.android.apps.nexuslauncher;APP_CLOSE
1659;1767444762805;1;com.google.android.apps.nexuslauncher;APP_OPEN
1660;1767444763347;2;com.focux.pulse;APP_CLOSE
1661;1767444764388;16;android;SCREEN_OFF
1662;1767444764892;2;com.google.android.apps.nexuslauncher;APP_CLOSE
1663;1767444765048;17;android;LOCK
1664;1767444776279;15;android;SCREEN_ON
1665;1767444777659;1;com.google.android.apps.nexuslauncher;APP_OPEN
1666;1767444778100;18;android;UNLOCK
1667;1767444855663;2;com.google.android.apps.nexuslauncher;APP_CLOSE
1668;1767444856055;1;com.focux.pulse;APP_OPEN
1669;1767444915973;1;com.google.android.apps.nexuslauncher;APP_OPEN
1670;1767444916057;2;com.google.android.apps.nexuslauncher;APP_CLOSE
1671;1767444959548;1;com.google.android.apps.nexuslauncher;APP_OPEN
1672;1767444959613;2;com.google.android.apps.nexuslauncher;APP_CLOSE
1673;1767445028085;1;com.google.android.apps.nexuslauncher;APP_OPEN
1674;1767445028718;2;com.focux.pulse;APP_CLOSE
1675;1767445041047;2;com.google.android.apps.nexuslauncher;APP_CLOSE
1676;1767445041056;1;com.instagram.android;APP_OPEN
1677;1767445050020;1;com.google.android.apps.nexuslauncher;APP_OPEN
1678;1767445050609;2;com.instagram.android;APP_CLOSE
1679;1767445053769;2;com.google.android.apps.nexuslauncher;APP_CLOSE
1680;1767445053772;1;com.focux.pulse;APP_OPEN
1681;1767445055329;1;com.google.android.apps.nexuslauncher;APP_OPEN
1682;1767445055853;2;com.focux.pulse;APP_CLOSE
1683;1767445057206;2;com.google.android.apps.nexuslauncher;APP_CLOSE
1684;1767445057208;1;de.hafas.android.db;APP_OPEN
1685;1767445073853;1;com.google.android.apps.nexuslauncher;APP_OPEN
1686;1767445077372;2;com.google.android.apps.nexuslauncher;APP_CLOSE
1687;1767445084323;1;com.google.android.apps.nexuslauncher;APP_OPEN
1688;1767445087894;2;com.google.android.apps.nexuslauncher;APP_CLOSE
1689;1767445088433;1;com.google.android.apps.nexuslauncher;APP_OPEN
1690;1767445088767;2;de.hafas.android.db;APP_CLOSE
1691;1767445088770;1;com.focux.pulse;APP_OPEN
1692;1767445088817;2;com.google.android.apps.nexuslauncher;APP_CLOSE
1693;1767445098859;1;com.google.android.apps.nexuslauncher;APP_OPEN
1694;1767445098922;2;com.google.android.apps.nexuslauncher;APP_CLOSE
1695;1767445100244;1;com.google.android.apps.nexuslauncher;APP_OPEN
1696;1767445100314;2;com.google.android.apps.nexuslauncher;APP_CLOSE
1697;1767445101966;1;com.google.android.apps.nexuslauncher;APP_OPEN
1698;1767445102516;2;com.focux.pulse;APP_CLOSE
1699;1767445104863;16;android;SCREEN_OFF
1700;1767445105348;2;com.google.android.apps.nexuslauncher;APP_CLOSE
1701;1767445105523;17;android;LOCK
1702;1767445201946;15;android;SCREEN_ON
1703;1767445211942;16;android;SCREEN_OFF
1704;1767445231868;15;android;SCREEN_ON
1705;1767445232897;1;com.google.android.apps.nexuslauncher;APP_OPEN
1706;1767445233327;18;android;UNLOCK
1707;1767445236364;2;com.google.android.apps.nexuslauncher;APP_CLOSE
1708;1767445236366;1;com.focux.pulse;APP_OPEN
1709;1767445315147;2;com.focux.pulse;APP_CLOSE
1710;1767445315150;1;com.whatsapp;APP_OPEN
1711;1767445316078;2;com.whatsapp;APP_CLOSE
1712;1767445316082;1;com.whatsapp;APP_OPEN
1713;1767445320763;2;com.whatsapp;APP_CLOSE
1714;1767445320763;1;com.whatsapp;APP_OPEN
1715;1767445321467;2;com.whatsapp;APP_CLOSE
1716;1767445321470;1;com.whatsapp;APP_OPEN
1717;1767445352911;2;com.whatsapp;APP_CLOSE
1718;1767445352912;1;com.whatsapp;APP_OPEN
1719;1767445354628;1;com.google.android.apps.nexuslauncher;APP_OPEN
1720;1767445355185;2;com.whatsapp;APP_CLOSE
1721;1767445356523;2;com.google.android.apps.nexuslauncher;APP_CLOSE
1722;1767445356534;1;com.snapchat.android;APP_OPEN
1723;1767445364873;1;com.google.android.apps.nexuslauncher;APP_OPEN
1724;1767445365707;2;com.snapchat.android;APP_CLOSE
1725;1767445366582;16;android;SCREEN_OFF
1726;1767445367060;2;com.google.android.apps.nexuslauncher;APP_CLOSE
1727;1767445367234;17;android;LOCK
1728;1767445371191;15;android;SCREEN_ON
1729;1767445382484;16;android;SCREEN_OFF
1730;1767445629209;15;android;SCREEN_ON
1731;1767445632026;1;com.google.android.apps.nexuslauncher;APP_OPEN
1732;1767445632480;18;android;UNLOCK
1733;1767445672767;2;com.google.android.apps.nexuslauncher;APP_CLOSE
1734;1767445673259;1;com.focux.pulse;APP_OPEN
1735;1767444753347;1;com.focux.pulse;APP_OPEN
1736;1767444757757;1;com.google.android.apps.nexuslauncher;APP_OPEN
1737;1767444757830;2;com.google.android.apps.nexuslauncher;APP_CLOSE
1738;1767444760333;1;com.google.android.apps.nexuslauncher;APP_OPEN
1739;1767444760399;2;com.google.android.apps.nexuslauncher;APP_CLOSE
1740;1767444762805;1;com.google.android.apps.nexuslauncher;APP_OPEN
1741;1767444763347;2;com.focux.pulse;APP_CLOSE
1742;1767444764388;16;android;SCREEN_OFF
1743;1767444764892;2;com.google.android.apps.nexuslauncher;APP_CLOSE
1744;1767444765048;17;android;LOCK
1745;1767444776279;15;android;SCREEN_ON
1746;1767444777659;1;com.google.android.apps.nexuslauncher;APP_OPEN
1747;1767444778100;18;android;UNLOCK
1748;1767444855663;2;com.google.android.apps.nexuslauncher;APP_CLOSE
1749;1767444856055;1;com.focux.pulse;APP_OPEN
1750;1767444915973;1;com.google.android.apps.nexuslauncher;APP_OPEN
1751;1767444916057;2;com.google.android.apps.nexuslauncher;APP_CLOSE
1752;1767444959548;1;com.google.android.apps.nexuslauncher;APP_OPEN
1753;1767444959613;2;com.google.android.apps.nexuslauncher;APP_CLOSE
1754;1767445028085;1;com.google.android.apps.nexuslauncher;APP_OPEN
1755;1767445028718;2;com.focux.pulse;APP_CLOSE
1756;1767445041047;2;com.google.android.apps.nexuslauncher;APP_CLOSE
1757;1767445041056;1;com.instagram.android;APP_OPEN
1758;1767445050020;1;com.google.android.apps.nexuslauncher;APP_OPEN
1759;1767445050609;2;com.instagram.android;APP_CLOSE
1760;1767445053769;2;com.google.android.apps.nexuslauncher;APP_CLOSE
1761;1767445053772;1;com.focux.pulse;APP_OPEN
1762;1767445055329;1;com.google.android.apps.nexuslauncher;APP_OPEN
1763;1767445055853;2;com.focux.pulse;APP_CLOSE
1764;1767445057206;2;com.google.android.apps.nexuslauncher;APP_CLOSE
1765;1767445057208;1;de.hafas.android.db;APP_OPEN
1766;1767445073853;1;com.google.android.apps.nexuslauncher;APP_OPEN
1767;1767445077372;2;com.google.android.apps.nexuslauncher;APP_CLOSE
1768;1767445084323;1;com.google.android.apps.nexuslauncher;APP_OPEN
1769;1767445087894;2;com.google.android.apps.nexuslauncher;APP_CLOSE
1770;1767445088433;1;com.google.android.apps.nexuslauncher;APP_OPEN
1771;1767445088767;2;de.hafas.android.db;APP_CLOSE
1772;1767445088770;1;com.focux.pulse;APP_OPEN
1773;1767445088817;2;com.google.android.apps.nexuslauncher;APP_CLOSE
1774;1767445098859;1;com.google.android.apps.nexuslauncher;APP_OPEN
1775;1767445098922;2;com.google.android.apps.nexuslauncher;APP_CLOSE
1776;1767445100244;1;com.google.android.apps.nexuslauncher;APP_OPEN
1777;1767445100314;2;com.google.android.apps.nexuslauncher;APP_CLOSE
1778;1767445101966;1;com.google.android.apps.nexuslauncher;APP_OPEN
1779;1767445102516;2;com.focux.pulse;APP_CLOSE
1780;1767445104863;16;android;SCREEN_OFF
1781;1767445105348;2;com.google.android.apps.nexuslauncher;APP_CLOSE
1782;1767445105523;17;android;LOCK
1783;1767445201946;15;android;SCREEN_ON
1784;1767445211942;16;android;SCREEN_OFF
1785;1767445231868;15;android;SCREEN_ON
1786;1767445232897;1;com.google.android.apps.nexuslauncher;APP_OPEN
1787;1767445233327;18;android;UNLOCK
1788;1767445236364;2;com.google.android.apps.nexuslauncher;APP_CLOSE
1789;1767445236366;1;com.focux.pulse;APP_OPEN
1790;1767445315147;2;com.focux.pulse;APP_CLOSE
1791;1767445315150;1;com.whatsapp;APP_OPEN
1792;1767445316078;2;com.whatsapp;APP_CLOSE
1793;1767445316082;1;com.whatsapp;APP_OPEN
1794;1767445320763;2;com.whatsapp;APP_CLOSE
1795;1767445320763;1;com.whatsapp;APP_OPEN
1796;1767445321467;2;com.whatsapp;APP_CLOSE
1797;1767445321470;1;com.whatsapp;APP_OPEN
1798;1767445352911;2;com.whatsapp;APP_CLOSE
1799;1767445352912;1;com.whatsapp;APP_OPEN
1800;1767445354628;1;com.google.android.apps.nexuslauncher;APP_OPEN
1801;1767445355185;2;com.whatsapp;APP_CLOSE
1802;1767445356523;2;com.google.android.apps.nexuslauncher;APP_CLOSE
1803;1767445356534;1;com.snapchat.android;APP_OPEN
1804;1767445364873;1;com.google.android.apps.nexuslauncher;APP_OPEN
1805;1767445365707;2;com.snapchat.android;APP_CLOSE
1806;1767445366582;16;android;SCREEN_OFF
1807;1767445367060;2;com.google.android.apps.nexuslauncher;APP_CLOSE
1808;1767445367234;17;android;LOCK
1809;1767445371191;15;android;SCREEN_ON
1810;1767445382484;16;android;SCREEN_OFF
1811;1767445629209;15;android;SCREEN_ON
1812;1767445632026;1;com.google.android.apps.nexuslauncher;APP_OPEN
1813;1767445632480;18;android;UNLOCK
1814;1767445672767;2;com.google.android.apps.nexuslauncher;APP_CLOSE
1815;1767445673259;1;com.focux.pulse;APP_OPEN
1816;1767445673259;1;com.focux.pulse;APP_OPEN
1817;1767445761273;16;android;SCREEN_OFF
1818;1767445761826;2;com.focux.pulse;APP_CLOSE
1819;1767445766347;17;android;LOCK
1820;1767445981258;15;android;SCREEN_ON
1821;1767446103796;16;android;SCREEN_OFF
1822;1767446214246;15;android;SCREEN_ON
1823;1767446215689;1;com.focux.pulse;APP_OPEN
1824;1767446215689;1;com.focux.pulse;APP_OPEN
1825;1767446216135;18;android;UNLOCK
1826;1767446218404;2;com.focux.pulse;APP_CLOSE
1827;1767446218416;1;com.whatsapp;APP_OPEN
1828;1767446228118;2;com.whatsapp;APP_CLOSE
1829;1767446228120;1;com.whatsapp;APP_OPEN
1830;1767446229935;1;com.google.android.apps.nexuslauncher;APP_OPEN
1831;1767446230481;2;com.whatsapp;APP_CLOSE
1832;1767446326963;2;com.google.android.apps.nexuslauncher;APP_CLOSE
1833;1767446327343;1;com.focux.pulse;APP_OPEN
1834;1767446327343;1;com.focux.pulse;APP_OPEN
1835;1767446349903;16;android;SCREEN_OFF
1836;1767446350436;2;com.focux.pulse;APP_CLOSE
1837;1767446354963;17;android;LOCK
1838;1767446374744;15;android;SCREEN_ON
1839;1767446383424;1;com.focux.pulse;APP_OPEN
1840;1767446383424;1;com.focux.pulse;APP_OPEN
1841;1767446383859;18;android;UNLOCK
1842;1767446385235;2;com.focux.pulse;APP_CLOSE
1843;1767446385238;1;com.whatsapp;APP_OPEN
1844;1767446389062;2;com.whatsapp;APP_CLOSE
1845;1767446389064;1;com.whatsapp;APP_OPEN
1846;1767446390392;1;com.google.android.apps.nexuslauncher;APP_OPEN
1847;1767446390883;2;com.whatsapp;APP_CLOSE
1848;1767446390884;1;com.focux.pulse;APP_OPEN
1849;1767446390923;2;com.google.android.apps.nexuslauncher;APP_CLOSE
1850;1767446390923;2;com.google.android.apps.nexuslauncher;APP_CLOSE
1851;1767446403874;2;com.focux.pulse;APP_CLOSE
1852;1767446403875;1;com.whatsapp;APP_OPEN
1853;1767446405139;1;com.google.android.apps.nexuslauncher;APP_OPEN
1854;1767446405665;2;com.whatsapp;APP_CLOSE
1855;1767446405667;1;com.focux.pulse;APP_OPEN
1856;1767446405714;2;com.google.android.apps.nexuslauncher;APP_CLOSE
1857;1767446405714;2;com.google.android.apps.nexuslauncher;APP_CLOSE
1858;1767446525218;16;android;SCREEN_OFF
1859;1767446525741;2;com.focux.pulse;APP_CLOSE
1860;1767446530281;17;android;LOCK
1861;1767446564878;15;android;SCREEN_ON
1862;1767446568237;1;com.focux.pulse;APP_OPEN
1863;1767446568237;1;com.focux.pulse;APP_OPEN
1864;1767446568705;18;android;UNLOCK
1865;1767446568705;18;android;UNLOCK
1866;1767446593310;1;com.google.android.apps.nexuslauncher;APP_OPEN
1867;1767446593847;2;com.focux.pulse;APP_CLOSE
1868;1767446595555;2;com.google.android.apps.nexuslauncher;APP_CLOSE
1869;1767446595556;1;com.focux.pulse;APP_OPEN
1870;1767446595556;1;com.focux.pulse;APP_OPEN
1871;1767446601729;1;com.google.android.apps.nexuslauncher;APP_OPEN
1872;1767446602263;2;com.focux.pulse;APP_CLOSE
1873;1767446603507;16;android;SCREEN_OFF
1874;1767446604017;2;com.google.android.apps.nexuslauncher;APP_CLOSE
1875;1767446604191;17;android;LOCK
1876;1767446604837;15;android;SCREEN_ON
1877;1767446605916;1;com.google.android.apps.nexuslauncher;APP_OPEN
1878;1767446606347;18;android;UNLOCK
1879;1767446607257;2;com.google.android.apps.nexuslauncher;APP_CLOSE
1880;1767446607258;1;com.focux.pulse;APP_OPEN
1881;1767446607258;1;com.focux.pulse;APP_OPEN
1882;1767446621214;1;com.google.android.apps.nexuslauncher;APP_OPEN
1883;1767446621739;2;com.focux.pulse;APP_CLOSE
1884;1767446622765;2;com.google.android.apps.nexuslauncher;APP_CLOSE
1885;1767446622766;1;com.focux.pulse;APP_OPEN
1886;1767446622766;1;com.focux.pulse;APP_OPEN
1887;1767446623413;1;com.google.android.apps.nexuslauncher;APP_OPEN
1888;1767446623976;2;com.focux.pulse;APP_CLOSE
1889;1767446625589;2;com.google.android.apps.nexuslauncher;APP_CLOSE
1890;1767446625593;1;com.google.android.apps.walletnfcrel;APP_OPEN
1891;1767446626516;1;com.google.android.apps.nexuslauncher;APP_OPEN
1892;1767446627386;2;com.google.android.apps.walletnfcrel;APP_CLOSE
1893;1767446627442;2;com.google.android.apps.nexuslauncher;APP_CLOSE
1894;1767446627443;1;com.focux.pulse;APP_OPEN
1895;1767446627443;1;com.focux.pulse;APP_OPEN
1896;1767446628728;16;android;SCREEN_OFF
1897;1767446629237;2;com.focux.pulse;APP_CLOSE
1898;1767446629384;17;android;LOCK
1899;1767446629465;15;android;SCREEN_ON
1900;1767446630610;1;com.focux.pulse;APP_OPEN
1901;1767446630610;1;com.focux.pulse;APP_OPEN
1902;1767446631064;18;android;UNLOCK
1903;1767446749868;1;com.google.android.apps.nexuslauncher;APP_OPEN
1904;1767446750403;2;com.focux.pulse;APP_CLOSE
1905;1767446751266;2;com.google.android.apps.nexuslauncher;APP_CLOSE
1906;1767446751267;1;com.focux.pulse;APP_OPEN
1907;1767446751267;1;com.focux.pulse;APP_OPEN
1908;1767446766632;1;com.google.android.apps.nexuslauncher;APP_OPEN
1909;1767446767176;2;com.focux.pulse;APP_CLOSE
1910;1767446767947;2;com.google.android.apps.nexuslauncher;APP_CLOSE
1911;1767446767948;1;com.focux.pulse;APP_OPEN
1912;1767446767948;1;com.focux.pulse;APP_OPEN
1913;1767446781308;16;android;SCREEN_OFF
1914;1767446781827;2;com.focux.pulse;APP_CLOSE
1915;1767446781976;17;android;LOCK
1916;1767446782027;15;android;SCREEN_ON
1917;1767446783499;1;com.focux.pulse;APP_OPEN
1918;1767446783499;1;com.focux.pulse;APP_OPEN
1919;1767446783929;18;android;UNLOCK
1920;1767446796352;16;android;SCREEN_OFF
1921;1767446796876;2;com.focux.pulse;APP_CLOSE
1922;1767446797036;17;android;LOCK
1923;1767446797364;15;android;SCREEN_ON
1924;1767446801620;16;android;SCREEN_OFF
1925;1767446802922;15;android;SCREEN_ON
1926;1767446803790;16;android;SCREEN_OFF
1927;1767446804989;15;android;SCREEN_ON
1928;1767446805992;1;com.focux.pulse;APP_OPEN
1929;1767446805992;1;com.focux.pulse;APP_OPEN
1930;1767446806442;18;android;UNLOCK
1931;1767446824395;1;com.google.android.apps.nexuslauncher;APP_OPEN
1932;1767446824961;2;com.focux.pulse;APP_CLOSE
1933;1767446827285;16;android;SCREEN_OFF
1934;1767446827784;2;com.google.android.apps.nexuslauncher;APP_CLOSE
1935;1767446827944;17;android;LOCK
1936;1767446828237;15;android;SCREEN_ON
1937;1767446830601;1;com.google.android.apps.nexuslauncher;APP_OPEN
1938;1767446831008;18;android;UNLOCK
1939;1767446832331;2;com.google.android.apps.nexuslauncher;APP_CLOSE
1940;1767446832332;1;com.focux.pulse;APP_OPEN
1941;1767446832332;1;com.focux.pulse;APP_OPEN
1942;1767446859524;1;com.google.android.apps.nexuslauncher;APP_OPEN
1943;1767446860074;2;com.focux.pulse;APP_CLOSE
1944;1767446864744;2;com.google.android.apps.nexuslauncher;APP_CLOSE
1945;1767446864745;1;com.focux.pulse;APP_OPEN
1946;1767446864745;1;com.focux.pulse;APP_OPEN
1947;1767446870004;1;com.google.android.apps.nexuslauncher;APP_OPEN
1948;1767446870553;2;com.focux.pulse;APP_CLOSE
1949;1767446873504;2;com.google.android.apps.nexuslauncher;APP_CLOSE
1950;1767446873506;1;com.focux.pulse;APP_OPEN
1951;1767446873506;1;com.focux.pulse;APP_OPEN
1952;1767446873991;1;com.google.android.apps.nexuslauncher;APP_OPEN
1953;1767446874521;2;com.focux.pulse;APP_CLOSE
1954;1767446881936;2;com.google.android.apps.nexuslauncher;APP_CLOSE
1955;1767446881939;1;com.whatsapp;APP_OPEN
1956;1767446882731;1;com.google.android.apps.nexuslauncher;APP_OPEN
1957;1767446883136;2;com.whatsapp;APP_CLOSE
1958;1767446883137;1;com.focux.pulse;APP_OPEN
1959;1767446883137;1;com.focux.pulse;APP_OPEN
1960;1767446883181;2;com.google.android.apps.nexuslauncher;APP_CLOSE
1961;1767446931764;1;com.google.android.apps.nexuslauncher;APP_OPEN
1962;1767446932333;2;com.focux.pulse;APP_CLOSE
1963;1767446933486;16;android;SCREEN_OFF
1964;1767446934050;2;com.google.android.apps.nexuslauncher;APP_CLOSE
1965;1767446934195;17;android;LOCK
1966;1767446934447;15;android;SCREEN_ON
1967;1767446936500;1;com.google.android.apps.nexuslauncher;APP_OPEN
1968;1767446936933;18;android;UNLOCK
1969;1767446938390;2;com.google.android.apps.nexuslauncher;APP_CLOSE
1970;1767446938391;1;com.focux.pulse;APP_OPEN
1971;1767446938391;1;com.focux.pulse;APP_OPEN
1972;1767446957780;1;com.google.android.apps.nexuslauncher;APP_OPEN
1973;1767446958302;2;com.focux.pulse;APP_CLOSE
1974;1767446958697;16;android;SCREEN_OFF
1975;1767446959188;2;com.google.android.apps.nexuslauncher;APP_CLOSE
1976;1767446959342;17;android;LOCK
1977;1767446959556;15;android;SCREEN_ON
1978;1767446963371;1;com.google.android.apps.nexuslauncher;APP_OPEN
1979;1767446963812;18;android;UNLOCK
1980;1767446964838;2;com.google.android.apps.nexuslauncher;APP_CLOSE
1981;1767446964840;1;com.focux.pulse;APP_OPEN
1982;1767446964840;1;com.focux.pulse;APP_OPEN
1983;1767447044111;1;com.google.android.apps.nexuslauncher;APP_OPEN
1984;1767447044709;2;com.focux.pulse;APP_CLOSE
1985;1767447046167;16;android;SCREEN_OFF
1986;1767447046686;2;com.google.android.apps.nexuslauncher;APP_CLOSE
1987;1767447046843;17;android;LOCK
1988;1767447046890;15;android;SCREEN_ON
1989;1767447049444;1;com.google.android.apps.nexuslauncher;APP_OPEN
1990;1767447049850;18;android;UNLOCK
1991;1767447050743;2;com.google.android.apps.nexuslauncher;APP_CLOSE
1992;1767447050744;1;com.focux.pulse;APP_OPEN
1993;1767447050744;1;com.focux.pulse;APP_OPEN
1994;1767447062323;1;com.google.android.apps.nexuslauncher;APP_OPEN
1995;1767447062874;2;com.focux.pulse;APP_CLOSE
1996;1767447063355;16;android;SCREEN_OFF
1997;1767447063864;2;com.google.android.apps.nexuslauncher;APP_CLOSE
1998;1767447064033;17;android;LOCK
1999;1767447064103;15;android;SCREEN_ON
2000;1767447065727;1;com.google.android.apps.nexuslauncher;APP_OPEN
2001;1767447066144;18;android;UNLOCK
2002;1767447069008;2;com.google.android.apps.nexuslauncher;APP_CLOSE
2003;1767447069009;1;com.focux.pulse;APP_OPEN
2004;1767447069009;1;com.focux.pulse;APP_OPEN
2005;1767447079901;1;com.google.android.apps.nexuslauncher;APP_OPEN
2006;1767447080446;2;com.focux.pulse;APP_CLOSE
2007;1767447081819;16;android;SCREEN_OFF
2008;1767447082317;2;com.google.android.apps.nexuslauncher;APP_CLOSE
2009;1767447082488;17;android;LOCK
2010;1767447083376;15;android;SCREEN_ON
2011;1767447084347;1;com.google.android.apps.nexuslauncher;APP_OPEN
2012;1767447084788;18;android;UNLOCK
2013;1767447085540;2;com.google.android.apps.nexuslauncher;APP_CLOSE
2014;1767447085540;1;com.focux.pulse;APP_OPEN
2015;1767447085540;2;com.google.android.apps.nexuslauncher;APP_CLOSE
2016;1767447085540;1;com.focux.pulse;APP_OPEN
2017;1767447095829;1;com.google.android.apps.nexuslauncher;APP_OPEN
2018;1767447096388;2;com.focux.pulse;APP_CLOSE
2019;1767447096570;16;android;SCREEN_OFF
2020;1767447097041;2;com.google.android.apps.nexuslauncher;APP_CLOSE
2021;1767447097196;17;android;LOCK
2022;1767447097266;15;android;SCREEN_ON
2023;1767447099431;1;com.google.android.apps.nexuslauncher;APP_OPEN
2024;1767447099861;18;android;UNLOCK
2025;1767447100783;2;com.google.android.apps.nexuslauncher;APP_CLOSE
2026;1767447100784;1;com.focux.pulse;APP_OPEN
2027;1767447100784;1;com.focux.pulse;APP_OPEN
2028;1767447106512;1;com.google.android.apps.nexuslauncher;APP_OPEN
2029;1767447106912;2;com.focux.pulse;APP_CLOSE
2030;1767447106914;1;com.whatsapp;APP_OPEN
2031;1767447106949;2;com.google.android.apps.nexuslauncher;APP_CLOSE
2032;1767447107275;1;com.google.android.apps.nexuslauncher;APP_OPEN
2033;1767447107947;2;com.whatsapp;APP_CLOSE
2034;1767447111825;2;com.google.android.apps.nexuslauncher;APP_CLOSE
2035;1767447111826;1;com.focux.pulse;APP_OPEN
2036;1767447111826;1;com.focux.pulse;APP_OPEN
2037;1767447114225;1;com.google.android.apps.nexuslauncher;APP_OPEN
2038;1767447115193;2;com.focux.pulse;APP_CLOSE
2039;1767447116532;16;android;SCREEN_OFF
2040;1767447117015;2;com.google.android.apps.nexuslauncher;APP_CLOSE
2041;1767447117177;17;android;LOCK
2042;1767447117234;15;android;SCREEN_ON
2043;1767447119490;1;com.google.android.apps.nexuslauncher;APP_OPEN
2044;1767447119897;18;android;UNLOCK
2045;1767447120656;2;com.google.android.apps.nexuslauncher;APP_CLOSE
2046;1767447120658;1;com.focux.pulse;APP_OPEN
2047;1767447120658;1;com.focux.pulse;APP_OPEN
2048;1767447127811;1;com.google.android.apps.nexuslauncher;APP_OPEN
2049;1767447128335;2;com.focux.pulse;APP_CLOSE
2050;1767447128583;16;android;SCREEN_OFF
2051;1767447129062;2;com.google.android.apps.nexuslauncher;APP_CLOSE
2052;1767447129227;17;android;LOCK
2053;1767447131155;15;android;SCREEN_ON
2054;1767447142391;16;android;SCREEN_OFF
2055;1767447199291;15;android;SCREEN_ON
2056;1767447209285;16;android;SCREEN_OFF
2057;1767447551933;15;android;SCREEN_ON
2058;1767447561934;16;android;SCREEN_OFF
2059;1767448579671;15;android;SCREEN_ON
2060;1767448589669;16;android;SCREEN_OFF
2061;1767448770155;15;android;SCREEN_ON
2062;1767448780151;16;android;SCREEN_OFF
2063;1767448854810;15;android;SCREEN_ON
2064;1767448854848;1;com.whatsapp;APP_OPEN
2065;1767448854966;2;com.whatsapp;APP_CLOSE
2066;1767448854968;1;com.whatsapp;APP_OPEN
2067;1767448899509;2;com.whatsapp;APP_CLOSE
2068;1767448899517;1;com.google.android.apps.nexuslauncher;APP_OPEN
2069;1767448899551;2;com.google.android.apps.nexuslauncher;APP_CLOSE
2070;1767448909503;16;android;SCREEN_OFF
2071;1767448909503;16;android;SCREEN_OFF
2072;1767448909503;16;android;SCREEN_OFF
2073;1767448909503;16;android;SCREEN_OFF
2074;1767450975373;15;android;SCREEN_ON
2075;1767450978749;1;com.google.android.apps.nexuslauncher;APP_OPEN
2076;1767450979219;18;android;UNLOCK
2077;1767450980044;2;com.google.android.apps.nexuslauncher;APP_CLOSE
2078;1767450980051;1;com.whatsapp;APP_OPEN
2079;1767450989747;2;com.whatsapp;APP_CLOSE
2080;1767450989748;1;com.whatsapp;APP_OPEN
2081;1767450996609;2;com.whatsapp;APP_CLOSE
2082;1767450996610;1;com.whatsapp;APP_OPEN
2083;1767451000238;2;com.whatsapp;APP_CLOSE
2084;1767451000239;1;com.whatsapp;APP_OPEN
2085;1767451005568;2;com.whatsapp;APP_CLOSE
2086;1767451005569;1;com.whatsapp;APP_OPEN
2087;1767451007861;2;com.whatsapp;APP_CLOSE
2088;1767451007862;1;com.whatsapp;APP_OPEN
2089;1767451012858;2;com.whatsapp;APP_CLOSE
2090;1767451012859;1;com.whatsapp;APP_OPEN
2091;1767451013368;2;com.whatsapp;APP_CLOSE
2092;1767451013370;1;com.whatsapp;APP_OPEN
2093;1767451014790;2;com.whatsapp;APP_CLOSE
2094;1767451014792;1;com.whatsapp;APP_OPEN
2095;1767451016444;2;com.whatsapp;APP_CLOSE
2096;1767451016445;1;com.whatsapp;APP_OPEN
2097;1767451018817;2;com.whatsapp;APP_CLOSE
2098;1767451018818;1;com.whatsapp;APP_OPEN
2099;1767451020563;2;com.whatsapp;APP_CLOSE
2100;1767451020564;1;com.whatsapp;APP_OPEN
2101;1767451025644;2;com.whatsapp;APP_CLOSE
2102;1767451025646;1;com.whatsapp;APP_OPEN
2103;1767451026783;1;com.google.android.apps.nexuslauncher;APP_OPEN
2104;1767451027290;2;com.whatsapp;APP_CLOSE
2105;1767451027534;2;com.google.android.apps.nexuslauncher;APP_CLOSE
2106;1767451027535;1;com.android.chrome;APP_OPEN
2107;1767451368829;1;com.google.android.apps.nexuslauncher;APP_OPEN
2108;1767451369323;2;com.android.chrome;APP_CLOSE
2109;1767451369325;1;com.whatsapp;APP_OPEN
2110;1767451369349;2;com.google.android.apps.nexuslauncher;APP_CLOSE
2111;1767451394992;2;com.whatsapp;APP_CLOSE
2112;1767451394993;1;com.whatsapp;APP_OPEN
2113;1767451396758;2;com.whatsapp;APP_CLOSE
2114;1767451396762;1;com.whatsapp;APP_OPEN
2115;1767451397667;2;com.whatsapp;APP_CLOSE
2116;1767451397669;1;com.whatsapp;APP_OPEN
2117;1767451403132;2;com.whatsapp;APP_CLOSE
2118;1767451403133;1;com.whatsapp;APP_OPEN
2119;1767451405164;2;com.whatsapp;APP_CLOSE
2120;1767451405168;1;com.whatsapp;APP_OPEN
2121;1767451410481;1;com.google.android.apps.nexuslauncher;APP_OPEN
2122;1767451411007;2;com.whatsapp;APP_CLOSE
2123;1767451411010;1;com.android.chrome;APP_OPEN
2124;1767451411040;2;com.google.android.apps.nexuslauncher;APP_CLOSE
2125;1767451411410;1;com.google.android.apps.nexuslauncher;APP_OPEN
2126;1767451411992;2;com.android.chrome;APP_CLOSE
2127;1767451411994;1;com.focux.pulse;APP_OPEN
2128;1767451412018;2;com.google.android.apps.nexuslauncher;APP_CLOSE
2129;1767451412018;2;com.google.android.apps.nexuslauncher;APP_CLOSE
2130;1767451416678;1;com.google.android.apps.nexuslauncher;APP_OPEN
2131;1767451417214;2;com.focux.pulse;APP_CLOSE
2132;1767451417214;1;com.whatsapp;APP_OPEN
2133;1767451417238;2;com.google.android.apps.nexuslauncher;APP_CLOSE
2134;1767451419799;1;com.google.android.apps.nexuslauncher;APP_OPEN
2135;1767451421412;2;com.whatsapp;APP_CLOSE
2136;1767451421413;1;com.focux.pulse;APP_OPEN
2137;1767451421449;2;com.google.android.apps.nexuslauncher;APP_CLOSE
2138;1767451421449;2;com.google.android.apps.nexuslauncher;APP_CLOSE
2139;1767451472685;1;com.google.android.apps.nexuslauncher;APP_OPEN
2140;1767451473255;2;com.focux.pulse;APP_CLOSE
2141;1767451474557;2;com.google.android.apps.nexuslauncher;APP_CLOSE
2142;1767451474558;1;com.focux.pulse;APP_OPEN
2143;1767451474558;1;com.focux.pulse;APP_OPEN
2144;1767451476877;1;com.google.android.apps.nexuslauncher;APP_OPEN
2145;1767451477498;2;com.focux.pulse;APP_CLOSE
2146;1767451478546;2;com.google.android.apps.nexuslauncher;APP_CLOSE
2147;1767451478547;1;com.focux.pulse;APP_OPEN
2148;1767451478547;1;com.focux.pulse;APP_OPEN
2149;1767451483781;1;com.google.android.apps.nexuslauncher;APP_OPEN
2150;1767451484323;2;com.focux.pulse;APP_CLOSE
2151;1767451484324;1;com.whatsapp;APP_OPEN
2152;1767451484357;2;com.google.android.apps.nexuslauncher;APP_CLOSE
2153;1767451485398;2;com.whatsapp;APP_CLOSE
2154;1767451485401;1;com.whatsapp;APP_OPEN
2155;1767451509848;1;com.google.android.apps.nexuslauncher;APP_OPEN
2156;1767451510315;2;com.whatsapp;APP_CLOSE
2157;1767451510377;2;com.google.android.apps.nexuslauncher;APP_CLOSE
2158;1767451510378;1;com.android.chrome;APP_OPEN
2159;1767451574064;1;com.google.android.apps.nexuslauncher;APP_OPEN
2160;1767451574504;2;com.android.chrome;APP_CLOSE
2161;1767451574522;1;com.whatsapp;APP_OPEN
2162;1767451574550;2;com.google.android.apps.nexuslauncher;APP_CLOSE
2163;1767451576476;1;com.google.android.apps.nexuslauncher;APP_OPEN
2164;1767451576921;2;com.whatsapp;APP_CLOSE
2165;1767451576933;1;com.android.chrome;APP_OPEN
2166;1767451576961;2;com.google.android.apps.nexuslauncher;APP_CLOSE
2167;1767451627356;1;com.google.android.apps.nexuslauncher;APP_OPEN
2168;1767451628393;2;com.android.chrome;APP_CLOSE
2169;1767451630004;2;com.google.android.apps.nexuslauncher;APP_CLOSE
2170;1767451630005;1;com.android.chrome;APP_OPEN
2171;1767451647945;1;com.google.android.apps.nexuslauncher;APP_OPEN
2172;1767451648936;2;com.android.chrome;APP_CLOSE
2173;1767451655221;16;android;SCREEN_OFF
2174;1767451655899;2;com.google.android.apps.nexuslauncher;APP_CLOSE
2175;1767451656079;17;android;LOCK
2176;1767451656079;17;android;LOCK
2177;1767451789778;15;android;SCREEN_ON
2178;1767451789779;1;com.google.android.googlequicksearchbox;APP_OPEN
2179;1767451789793;2;com.google.android.googlequicksearchbox;APP_CLOSE
2180;1767451789797;1;com.google.android.googlequicksearchbox;APP_OPEN
2181;1767451795215;2;com.google.android.googlequicksearchbox;APP_CLOSE
2182;1767451795221;1;com.google.android.deskclock;APP_OPEN
2183;1767451795284;2;com.google.android.deskclock;APP_CLOSE
2184;1767451795284;1;com.google.android.googlequicksearchbox;APP_OPEN
2185;1767451918123;16;android;SCREEN_OFF
2186;1767451918683;2;com.google.android.googlequicksearchbox;APP_CLOSE
2187;1767452400149;15;android;SCREEN_ON
2188;1767452400518;1;com.google.android.deskclock;APP_OPEN
2189;1767452410466;2;com.google.android.deskclock;APP_CLOSE
2190;1767452410467;1;com.google.android.apps.nexuslauncher;APP_OPEN
2191;1767452410496;2;com.google.android.apps.nexuslauncher;APP_CLOSE
2192;1767452420763;16;android;SCREEN_OFF
2193;1767452420763;16;android;SCREEN_OFF
2194;1767453254560;15;android;SCREEN_ON
2195;1767453255824;1;com.google.android.apps.nexuslauncher;APP_OPEN
2196;1767453256225;18;android;UNLOCK
2197;1767453262927;2;com.google.android.apps.nexuslauncher;APP_CLOSE
2198;1767453262930;1;com.whatsapp;APP_OPEN
2199;1767453265762;2;com.whatsapp;APP_CLOSE
2200;1767453265762;1;com.whatsapp;APP_OPEN
2201;1767453272683;1;com.google.android.apps.nexuslauncher;APP_OPEN
2202;1767453272950;2;com.whatsapp;APP_CLOSE
2203;1767453273712;2;com.google.android.apps.nexuslauncher;APP_CLOSE
2204;1767453273716;1;com.instagram.android;APP_OPEN
2205;1767453400929;1;com.google.android.apps.nexuslauncher;APP_OPEN
2206;1767453401929;2;com.instagram.android;APP_CLOSE
2207;1767453401930;1;com.whatsapp;APP_OPEN
2208;1767453401967;2;com.google.android.apps.nexuslauncher;APP_CLOSE
2209;1767453403709;1;com.google.android.apps.nexuslauncher;APP_OPEN
2210;1767453403948;2;com.whatsapp;APP_CLOSE
2211;1767453405146;2;com.google.android.apps.nexuslauncher;APP_CLOSE
2212;1767453405148;1;com.snapchat.android;APP_OPEN
2213;1767453446129;1;com.google.android.apps.nexuslauncher;APP_OPEN
2214;1767453446285;2;com.snapchat.android;APP_CLOSE
2215;1767453447716;2;com.google.android.apps.nexuslauncher;APP_CLOSE
2216;1767453448364;1;com.bumble.app;APP_OPEN
2217;1767453448549;2;com.bumble.app;APP_CLOSE
2218;1767453448551;1;com.bumble.app;APP_OPEN
2219;1767453462511;1;com.google.android.apps.nexuslauncher;APP_OPEN
2220;1767453463058;2;com.bumble.app;APP_CLOSE
2221;1767453464453;16;android;SCREEN_OFF
2222;1767453464992;2;com.google.android.apps.nexuslauncher;APP_CLOSE
2223;1767453465156;17;android;LOCK
2224;1767453473435;15;android;SCREEN_ON
2225;1767453491259;16;android;SCREEN_OFF
2226;1767453816051;15;android;SCREEN_ON
2227;1767453861733;16;android;SCREEN_OFF
2228;1767455223792;15;android;SCREEN_ON
2229;1767455228981;1;com.google.android.apps.nexuslauncher;APP_OPEN
2230;1767455229410;18;android;UNLOCK
2231;1767455230384;2;com.google.android.apps.nexuslauncher;APP_CLOSE
2232;1767455230392;1;com.whatsapp;APP_OPEN
2233;1767455254211;2;com.whatsapp;APP_CLOSE
2234;1767455254212;1;com.whatsapp;APP_OPEN
2235;1767455266959;2;com.whatsapp;APP_CLOSE
2236;1767455266962;1;com.whatsapp;APP_OPEN
2237;1767455269224;2;com.whatsapp;APP_CLOSE
2238;1767455269225;1;com.whatsapp;APP_OPEN
2239;1767455273717;1;com.google.android.apps.nexuslauncher;APP_OPEN
2240;1767455274400;2;com.google.android.apps.nexuslauncher;APP_CLOSE
2241;1767455275918;1;com.google.android.apps.nexuslauncher;APP_OPEN
2242;1767455276462;2;com.whatsapp;APP_CLOSE
2243;1767455302554;2;com.google.android.apps.nexuslauncher;APP_CLOSE
2244;1767455302569;1;com.whatsapp;APP_OPEN
2245;1767455314739;2;com.whatsapp;APP_CLOSE
2246;1767455314740;1;com.whatsapp;APP_OPEN
2247;1767455323460;1;com.google.android.apps.nexuslauncher;APP_OPEN
2248;1767455324007;2;com.whatsapp;APP_CLOSE
2249;1767455364214;2;com.google.android.apps.nexuslauncher;APP_CLOSE
2250;1767455364218;1;com.whatsapp;APP_OPEN
2251;1767455435482;2;com.whatsapp;APP_CLOSE
2252;1767455435484;1;com.whatsapp;APP_OPEN
2253;1767455440751;2;com.whatsapp;APP_CLOSE
2254;1767455440755;1;com.whatsapp;APP_OPEN
2255;1767455448312;2;com.whatsapp;APP_CLOSE
2256;1767455448314;1;com.whatsapp;APP_OPEN
2257;1767455450749;1;com.google.android.apps.nexuslauncher;APP_OPEN
2258;1767455451353;2;com.whatsapp;APP_CLOSE
2259;1767455570817;16;android;SCREEN_OFF
2260;1767455571367;2;com.google.android.apps.nexuslauncher;APP_CLOSE
2261;1767455575881;17;android;LOCK
2262;1767456128126;15;android;SCREEN_ON
2263;1767456140386;16;android;SCREEN_OFF
2264;1767457259463;15;android;SCREEN_ON
2265;1767457261579;1;com.google.android.apps.nexuslauncher;APP_OPEN
2266;1767457262012;18;android;UNLOCK
2267;1767457270949;2;com.google.android.apps.nexuslauncher;APP_CLOSE
2268;1767457270949;1;com.whatsapp;APP_OPEN
2269;1767457280923;2;com.whatsapp;APP_CLOSE
2270;1767457280926;1;com.google.android.apps.nexuslauncher;APP_OPEN
2271;1767457282313;2;com.google.android.apps.nexuslauncher;APP_CLOSE
2272;1767457282318;1;com.whatsapp;APP_OPEN
2273;1767457282342;2;com.whatsapp;APP_CLOSE
2274;1767457282344;1;com.whatsapp;APP_OPEN
2275;1767457287183;1;com.google.android.apps.nexuslauncher;APP_OPEN
2276;1767457288383;2;com.whatsapp;APP_CLOSE
2277;1767457288386;1;com.bumble.app;APP_OPEN
2278;1767457288414;2;com.google.android.apps.nexuslauncher;APP_CLOSE
2279;1767457304873;1;com.google.android.apps.nexuslauncher;APP_OPEN
2280;1767457305415;2;com.bumble.app;APP_CLOSE
2281;1767457305451;16;android;SCREEN_OFF
2282;1767457305940;2;com.google.android.apps.nexuslauncher;APP_CLOSE
2283;1767457306105;17;android;LOCK
2284;1767457306529;15;android;SCREEN_ON
2285;1767457316529;16;android;SCREEN_OFF
2286;1767457458717;15;android;SCREEN_ON
2287;1767457460903;1;com.google.android.apps.nexuslauncher;APP_OPEN
2288;1767457461343;18;android;UNLOCK
2289;1767457462862;2;com.google.android.apps.nexuslauncher;APP_CLOSE
2290;1767457462863;1;com.whatsapp;APP_OPEN
2291;1767457464313;1;com.google.android.apps.nexuslauncher;APP_OPEN
2292;1767457464862;2;com.whatsapp;APP_CLOSE
2293;1767457464998;16;android;SCREEN_OFF
2294;1767457465493;2;com.google.android.apps.nexuslauncher;APP_CLOSE
2295;1767457465660;17;android;LOCK
2296;1767458082764;15;android;SCREEN_ON
2297;1767458104242;16;android;SCREEN_OFF
2298;1767458193531;15;android;SCREEN_ON
2299;1767458203523;16;android;SCREEN_OFF
2300;1767459015621;15;android;SCREEN_ON
2301;1767459022228;1;com.google.android.apps.nexuslauncher;APP_OPEN
2302;1767459022650;18;android;UNLOCK
2303;1767459025312;2;com.google.android.apps.nexuslauncher;APP_CLOSE
2304;1767459025319;1;com.google.android.googlequicksearchbox;APP_OPEN
2305;1767459026633;2;com.google.android.googlequicksearchbox;APP_CLOSE
2306;1767459026637;1;com.google.android.googlequicksearchbox;APP_OPEN
2307;1767459040802;1;com.google.android.apps.nexuslauncher;APP_OPEN
2308;1767459041378;2;com.google.android.googlequicksearchbox;APP_CLOSE
2309;1767459070316;2;com.google.android.apps.nexuslauncher;APP_CLOSE
2310;1767459070320;1;com.whatsapp;APP_OPEN
2311;1767459074387;2;com.whatsapp;APP_CLOSE
2312;1767459074389;1;com.whatsapp;APP_OPEN
2313;1767459079297;2;com.whatsapp;APP_CLOSE
2314;1767459079299;1;com.whatsapp;APP_OPEN
2315;1767459080531;2;com.whatsapp;APP_CLOSE
2316;1767459080533;1;com.whatsapp;APP_OPEN
2317;1767459083238;1;com.google.android.apps.nexuslauncher;APP_OPEN
2318;1767459083810;2;com.whatsapp;APP_CLOSE
2319;1767459087505;2;com.google.android.apps.nexuslauncher;APP_CLOSE
2320;1767459087509;1;com.instagram.android;APP_OPEN
2321;1767459088023;2;com.instagram.android;APP_CLOSE
2322;1767459088024;1;com.instagram.android;APP_OPEN
2323;1767459338633;1;com.google.android.apps.nexuslauncher;APP_OPEN
2324;1767459338964;2;com.instagram.android;APP_CLOSE
2325;1767459339931;16;android;SCREEN_OFF
2326;1767459340422;2;com.google.android.apps.nexuslauncher;APP_CLOSE
2327;1767459340595;17;android;LOCK
2328;1767460517635;15;android;SCREEN_ON
2329;1767460519790;1;com.google.android.apps.nexuslauncher;APP_OPEN
2330;1767460520214;18;android;UNLOCK
2331;1767460548809;2;com.google.android.apps.nexuslauncher;APP_CLOSE
2332;1767460548812;1;com.google.android.googlequicksearchbox;APP_OPEN
2333;1767460548917;2;com.google.android.googlequicksearchbox;APP_CLOSE
2334;1767460548927;1;com.google.android.apps.weather;APP_OPEN
2335;1767460549000;2;com.google.android.apps.weather;APP_CLOSE
2336;1767460549002;1;com.google.android.apps.weather;APP_OPEN
2337;1767460552232;1;com.google.android.apps.nexuslauncher;APP_OPEN
2338;1767460552767;2;com.google.android.apps.weather;APP_CLOSE
2339;1767460553340;16;android;SCREEN_OFF
2340;1767460553827;2;com.google.android.apps.nexuslauncher;APP_CLOSE
2341;1767460553987;17;android;LOCK
2342;1767460693217;15;android;SCREEN_ON
2343;1767460703219;16;android;SCREEN_OFF
2344;1767460705577;1;com.google.android.dialer;APP_OPEN
2345;1767460705584;15;android;SCREEN_ON
2346;1767460705615;2;com.google.android.dialer;APP_CLOSE
2347;1767460705616;1;com.google.android.dialer;APP_OPEN
2348;1767460805101;2;com.google.android.dialer;APP_CLOSE
2349;1767460805102;1;com.google.android.apps.nexuslauncher;APP_OPEN
2350;1767460805116;2;com.google.android.apps.nexuslauncher;APP_CLOSE
2351;1767460806560;1;com.google.android.apps.nexuslauncher;APP_OPEN
2352;1767460806999;18;android;UNLOCK
2353;1767460808311;2;com.google.android.apps.nexuslauncher;APP_CLOSE
2354;1767460808314;1;com.whatsapp;APP_OPEN
2355;1767460818358;1;com.google.android.apps.nexuslauncher;APP_OPEN
2356;1767460818893;2;com.whatsapp;APP_CLOSE
2357;1767460819466;16;android;SCREEN_OFF
2358;1767460819942;2;com.google.android.apps.nexuslauncher;APP_CLOSE
2359;1767460820107;17;android;LOCK
2360;1767460851691;15;android;SCREEN_ON
2361;1767460856503;1;com.google.android.apps.nexuslauncher;APP_OPEN
2362;1767460856934;18;android;UNLOCK
2363;1767460863689;2;com.google.android.apps.nexuslauncher;APP_CLOSE
2364;1767460863690;1;com.android.chrome;APP_OPEN
2365;1767460875776;1;com.google.android.apps.nexuslauncher;APP_OPEN
2366;1767460876177;2;com.android.chrome;APP_CLOSE
2367;1767460881304;2;com.google.android.apps.nexuslauncher;APP_CLOSE
2368;1767460881310;1;com.google.android.apps.maps;APP_OPEN
2369;1767460883521;2;com.google.android.apps.maps;APP_CLOSE
2370;1767460883525;1;com.whatsapp;APP_OPEN
2371;1767460936382;2;com.whatsapp;APP_CLOSE
2372;1767460936383;1;com.whatsapp;APP_OPEN
2373;1767460937305;1;com.google.android.apps.nexuslauncher;APP_OPEN
2374;1767460937835;2;com.whatsapp;APP_CLOSE
2375;1767460976389;16;android;SCREEN_OFF
2376;1767460976960;2;com.google.android.apps.nexuslauncher;APP_CLOSE
2377;1767460977105;17;android;LOCK
2378;1767461006403;15;android;SCREEN_ON
2379;1767461007510;1;com.google.android.apps.nexuslauncher;APP_OPEN
2380;1767461007930;18;android;UNLOCK
2381;1767461009286;2;com.google.android.apps.nexuslauncher;APP_CLOSE
2382;1767461009291;1;com.whatsapp;APP_OPEN
2383;1767461011168;2;com.whatsapp;APP_CLOSE
2384;1767461011171;1;com.whatsapp;APP_OPEN
2385;1767461014786;1;com.google.android.apps.nexuslauncher;APP_OPEN
2386;1767461015149;2;com.whatsapp;APP_CLOSE
2387;1767461016160;2;com.google.android.apps.nexuslauncher;APP_CLOSE
2388;1767461016164;1;com.instagram.android;APP_OPEN
2389;1767461105981;2;com.instagram.android;APP_CLOSE
2390;1767461105997;1;com.google.android.dialer;APP_OPEN
2391;1767461148219;2;com.google.android.dialer;APP_CLOSE
2392;1767461148221;1;com.instagram.android;APP_OPEN
2393;1767461208222;1;com.google.android.apps.nexuslauncher;APP_OPEN
2394;1767461208774;2;com.instagram.android;APP_CLOSE
2395;1767461209011;16;android;SCREEN_OFF
2396;1767461209497;2;com.google.android.apps.nexuslauncher;APP_CLOSE
2397;1767461209666;17;android;LOCK
2398;1767461277855;15;android;SCREEN_ON
2399;1767461278867;1;com.google.android.apps.nexuslauncher;APP_OPEN
2400;1767461279296;18;android;UNLOCK
2401;1767461280357;2;com.google.android.apps.nexuslauncher;APP_CLOSE
2402;1767461280358;1;com.instagram.android;APP_OPEN
2403;1767461665962;1;com.google.android.apps.nexuslauncher;APP_OPEN
2404;1767461666802;2;com.instagram.android;APP_CLOSE
2405;1767461668094;16;android;SCREEN_OFF
2406;1767461668638;2;com.google.android.apps.nexuslauncher;APP_CLOSE
2407;1767461668807;17;android;LOCK
2408;1767461776133;15;android;SCREEN_ON
2409;1767461776937;16;android;SCREEN_OFF
2410;1767462421389;15;android;SCREEN_ON
2411;1767462424789;1;com.google.android.apps.nexuslauncher;APP_OPEN
2412;1767462425209;18;android;UNLOCK
2413;1767462428775;16;android;SCREEN_OFF
2414;1767462429272;2;com.google.android.apps.nexuslauncher;APP_CLOSE
2415;1767462429421;17;android;LOCK
2416;1767462430649;15;android;SCREEN_ON
2417;1767462440638;16;android;SCREEN_OFF
2418;1767462493180;15;android;SCREEN_ON
2419;1767462493202;1;com.whatsapp;APP_OPEN
2420;1767462493350;2;com.whatsapp;APP_CLOSE
2421;1767462493352;1;com.whatsapp;APP_OPEN
2422;1767462577207;2;com.whatsapp;APP_CLOSE
2423;1767462577208;1;com.google.android.apps.nexuslauncher;APP_OPEN
2424;1767462577223;2;com.google.android.apps.nexuslauncher;APP_CLOSE
2425;1767462579159;16;android;SCREEN_OFF
2426;1767463036814;15;android;SCREEN_ON
2427;1767463042475;1;com.google.android.apps.nexuslauncher;APP_OPEN
2428;1767463042926;18;android;UNLOCK
2429;1767463043565;2;com.google.android.apps.nexuslauncher;APP_CLOSE
2430;1767463043566;1;com.google.android.dialer;APP_OPEN
2431;1767463048453;2;com.google.android.dialer;APP_CLOSE
2432;1767463048460;1;com.google.android.dialer;APP_OPEN
2433;1767463078540;2;com.google.android.dialer;APP_CLOSE
2434;1767463078542;1;com.google.android.dialer;APP_OPEN
2435;1767463091525;1;com.google.android.apps.nexuslauncher;APP_OPEN
2436;1767463091996;2;com.google.android.dialer;APP_CLOSE
2437;1767463091999;1;com.whatsapp;APP_OPEN
2438;1767463092046;2;com.google.android.apps.nexuslauncher;APP_CLOSE
2439;1767463092341;1;com.google.android.apps.nexuslauncher;APP_OPEN
2440;1767463092905;2;com.whatsapp;APP_CLOSE
2441;1767463129481;16;android;SCREEN_OFF
2442;1767463130006;2;com.google.android.apps.nexuslauncher;APP_CLOSE
2443;1767463130163;17;android;LOCK
2444;1767463188206;15;android;SCREEN_ON
2445;1767463189816;1;com.google.android.apps.nexuslauncher;APP_OPEN
2446;1767463190260;18;android;UNLOCK
2447;1767463191054;2;com.google.android.apps.nexuslauncher;APP_CLOSE
2448;1767463191054;1;io.homeassistant.companion.android;APP_OPEN
2449;1767463191349;2;io.homeassistant.companion.android;APP_CLOSE
2450;1767463191352;1;io.homeassistant.companion.android;APP_OPEN
2451;1767463193726;2;io.homeassistant.companion.android;APP_CLOSE
2452;1767463193741;1;com.google.android.apps.nexuslauncher;APP_OPEN
2453;1767463215087;16;android;SCREEN_OFF
2454;1767463215610;2;com.google.android.apps.nexuslauncher;APP_CLOSE
2455;1767463215769;17;android;LOCK
2456;1767463322088;15;android;SCREEN_ON
2457;1767463327992;1;com.google.android.apps.nexuslauncher;APP_OPEN
2458;1767463328402;18;android;UNLOCK
2459;1767463329606;2;com.google.android.apps.nexuslauncher;APP_CLOSE
2460;1767463329609;1;com.whatsapp;APP_OPEN
2461;1767463332690;2;com.whatsapp;APP_CLOSE
2462;1767463332692;1;com.whatsapp;APP_OPEN
2463;1767463452614;16;android;SCREEN_OFF
2464;1767463453140;2;com.whatsapp;APP_CLOSE
2465;1767463457671;17;android;LOCK
2466;1767463504125;15;android;SCREEN_ON
2467;1767463505053;1;com.whatsapp;APP_OPEN
2468;1767463505502;18;android;UNLOCK
2469;1767463704310;16;android;SCREEN_OFF
2470;1767463704835;2;com.whatsapp;APP_CLOSE
2471;1767463705160;15;android;SCREEN_ON
2472;1767463705167;1;com.whatsapp;APP_OPEN
2473;1767463825067;2;com.whatsapp;APP_CLOSE
2474;1767463825070;1;com.whatsapp;APP_OPEN
2475;1767463825642;1;com.google.android.apps.nexuslauncher;APP_OPEN
2476;1767463826244;2;com.whatsapp;APP_CLOSE
2477;1767463826277;16;android;SCREEN_OFF
2478;1767463826759;2;com.google.android.apps.nexuslauncher;APP_CLOSE
2479;1767463826938;17;android;LOCK
2480;1767463849285;15;android;SCREEN_ON
2481;1767463849980;16;android;SCREEN_OFF
2482;1767464448690;15;android;SCREEN_ON
2483;1767464450564;1;com.google.android.apps.nexuslauncher;APP_OPEN
2484;1767464450978;18;android;UNLOCK
2485;1767464459139;2;com.google.android.apps.nexuslauncher;APP_CLOSE
2486;1767464459139;1;com.whatsapp;APP_OPEN
2487;1767464459919;2;com.whatsapp;APP_CLOSE
2488;1767464459922;1;com.whatsapp;APP_OPEN
2489;1767464467801;2;com.whatsapp;APP_CLOSE
2490;1767464467802;1;com.whatsapp;APP_OPEN
2491;1767464468935;1;com.google.android.apps.nexuslauncher;APP_OPEN
2492;1767464469434;2;com.whatsapp;APP_CLOSE
2493;1767464494444;16;android;SCREEN_OFF
2494;1767464494960;2;com.google.android.apps.nexuslauncher;APP_CLOSE
2495;1767464495121;17;android;LOCK
2496;1767464515046;15;android;SCREEN_ON
2497;1767464525046;16;android;SCREEN_OFF
2498;1767464612300;15;android;SCREEN_ON
2499;1767464613684;1;com.google.android.apps.nexuslauncher;APP_OPEN
2500;1767464614127;18;android;UNLOCK
2501;1767464614681;2;com.google.android.apps.nexuslauncher;APP_CLOSE
2502;1767464614900;1;com.google.android.gms;APP_OPEN
2503;1767464620347;2;com.google.android.gms;APP_CLOSE
2504;1767464620354;1;com.google.android.apps.nexuslauncher;APP_OPEN
2505;1767464625502;16;android;SCREEN_OFF
2506;1767464625992;2;com.google.android.apps.nexuslauncher;APP_CLOSE
2507;1767464626184;17;android;LOCK
2508;1767465419945;15;android;SCREEN_ON
2509;1767465429946;16;android;SCREEN_OFF
2510;1767465607129;15;android;SCREEN_ON
2511;1767465610542;16;android;SCREEN_OFF
2512;1767466086853;15;android;SCREEN_ON
2513;1767466098676;16;android;SCREEN_OFF
2514;1767466113368;15;android;SCREEN_ON
2515;1767466114232;1;com.google.android.apps.nexuslauncher;APP_OPEN
2516;1767466114660;18;android;UNLOCK
2517;1767466140889;2;com.google.android.apps.nexuslauncher;APP_CLOSE
2518;1767466140892;1;com.whatsapp;APP_OPEN
2519;1767466142770;2;com.whatsapp;APP_CLOSE
2520;1767466142773;1;com.whatsapp;APP_OPEN
2521;1767466148284;2;com.whatsapp;APP_CLOSE
2522;1767466148285;1;com.whatsapp;APP_OPEN
2523;1767466152888;1;com.google.android.apps.nexuslauncher;APP_OPEN
2524;1767466153097;2;com.whatsapp;APP_CLOSE
2525;1767466153948;2;com.google.android.apps.nexuslauncher;APP_CLOSE
2526;1767466153957;1;com.instagram.android;APP_OPEN
2527;1767466181238;2;com.instagram.android;APP_CLOSE
2528;1767466181242;1;com.instagram.android;APP_OPEN
2529;1767466183304;2;com.instagram.android;APP_CLOSE
2530;1767466183305;1;com.instagram.android;APP_OPEN
2531;1767466219996;2;com.instagram.android;APP_CLOSE
2532;1767466219997;1;com.instagram.android;APP_OPEN
2533;1767466237705;2;com.instagram.android;APP_CLOSE
2534;1767466237706;1;com.instagram.android;APP_OPEN
2535;1767466240215;2;com.instagram.android;APP_CLOSE
2536;1767466240218;1;com.instagram.android;APP_OPEN
2537;1767466241285;2;com.instagram.android;APP_CLOSE
2538;1767466241287;1;com.instagram.android;APP_OPEN
2539;1767466248905;2;com.instagram.android;APP_CLOSE
2540;1767466248907;1;com.instagram.android;APP_OPEN
2541;1767466252842;2;com.instagram.android;APP_CLOSE
2542;1767466252843;1;com.instagram.android;APP_OPEN
2543;1767466254136;2;com.instagram.android;APP_CLOSE
2544;1767466254139;1;com.instagram.android;APP_OPEN
2545;1767466327304;2;com.instagram.android;APP_CLOSE
2546;1767466327305;1;com.instagram.android;APP_OPEN
2547;1767466328571;1;com.google.android.apps.nexuslauncher;APP_OPEN
2548;1767466329879;2;com.instagram.android;APP_CLOSE
2549;1767466329883;1;com.whatsapp;APP_OPEN
2550;1767466330278;2;com.google.android.apps.nexuslauncher;APP_CLOSE
2551;1767466332368;2;com.whatsapp;APP_CLOSE
2552;1767466332371;1;com.whatsapp;APP_OPEN
2553;1767466346973;2;com.whatsapp;APP_CLOSE
2554;1767466346974;1;com.whatsapp;APP_OPEN
2555;1767466349727;2;com.whatsapp;APP_CLOSE
2556;1767466349730;1;com.whatsapp;APP_OPEN
2557;1767466353088;2;com.whatsapp;APP_CLOSE
2558;1767466353090;1;com.whatsapp;APP_OPEN
2559;1767466359319;1;com.google.android.apps.nexuslauncher;APP_OPEN
2560;1767466360107;2;com.whatsapp;APP_CLOSE
2561;1767466360110;1;com.instagram.android;APP_OPEN
2562;1767466360156;2;com.google.android.apps.nexuslauncher;APP_CLOSE
2563;1767466371870;1;com.google.android.apps.nexuslauncher;APP_OPEN
2564;1767466372423;16;android;SCREEN_OFF
2565;1767466372423;2;com.instagram.android;APP_CLOSE
2566;1767466372963;2;com.google.android.apps.nexuslauncher;APP_CLOSE
2567;1767466373114;17;android;LOCK
2568;1767466399975;15;android;SCREEN_ON
2569;1767466401408;1;com.google.android.apps.nexuslauncher;APP_OPEN
2570;1767466401847;18;android;UNLOCK
2571;1767466402803;2;com.google.android.apps.nexuslauncher;APP_CLOSE
2572;1767466402804;1;com.whatsapp;APP_OPEN
2573;1767466434088;2;com.whatsapp;APP_CLOSE
2574;1767466434089;1;com.whatsapp;APP_OPEN
2575;1767466435033;1;com.google.android.apps.nexuslauncher;APP_OPEN
2576;1767466435575;2;com.whatsapp;APP_CLOSE
2577;1767466493532;16;android;SCREEN_OFF
2578;1767466494060;2;com.google.android.apps.nexuslauncher;APP_CLOSE
2579;1767466494227;17;android;LOCK
2580;1767466707122;15;android;SCREEN_ON
2581;1767466710050;16;android;SCREEN_OFF
2582;1767467051040;15;android;SCREEN_ON
2583;1767467052099;1;com.google.android.apps.nexuslauncher;APP_OPEN
2584;1767467052527;18;android;UNLOCK
2585;1767467054531;2;com.google.android.apps.nexuslauncher;APP_CLOSE
2586;1767467054533;1;com.android.chrome;APP_OPEN
2587;1767467055969;1;com.google.android.apps.nexuslauncher;APP_OPEN
2588;1767467056205;2;com.android.chrome;APP_CLOSE
2589;1767467057931;2;com.google.android.apps.nexuslauncher;APP_CLOSE
2590;1767467058049;1;com.google.android.apps.bard;APP_OPEN
2591;1767467058081;2;com.google.android.apps.bard;APP_CLOSE
2592;1767467058082;1;com.google.android.googlequicksearchbox;APP_OPEN
2593;1767467058235;2;com.google.android.googlequicksearchbox;APP_CLOSE
2594;1767467058243;1;com.google.android.googlequicksearchbox;APP_OPEN
2595;1767467348142;16;android;SCREEN_OFF
2596;1767467348701;2;com.google.android.googlequicksearchbox;APP_CLOSE
2597;1767467353218;17;android;LOCK
2598;1767467514607;15;android;SCREEN_ON
2599;1767467520812;1;com.google.android.googlequicksearchbox;APP_OPEN
2600;1767467521267;18;android;UNLOCK
2601;1767467679073;1;com.google.android.apps.nexuslauncher;APP_OPEN
2602;1767467679623;2;com.google.android.googlequicksearchbox;APP_CLOSE
2603;1767467679727;2;com.google.android.apps.nexuslauncher;APP_CLOSE
2604;1767467679728;1;com.android.chrome;APP_OPEN
2605;1767467734147;2;com.android.chrome;APP_CLOSE
2606;1767467734153;1;com.android.chrome;APP_OPEN
2607;1767467734491;2;com.android.chrome;APP_CLOSE
2608;1767467734492;1;com.android.chrome;APP_OPEN
2609;1767467735197;1;com.google.android.apps.nexuslauncher;APP_OPEN
2610;1767467736345;2;com.android.chrome;APP_CLOSE
2611;1767467741487;16;android;SCREEN_OFF
2612;1767467741987;2;com.google.android.apps.nexuslauncher;APP_CLOSE
2613;1767467742165;17;android;LOCK
2614;1767468414308;15;android;SCREEN_ON
2615;1767468424760;16;android;SCREEN_OFF
2616;1767468462460;15;android;SCREEN_ON
2617;1767468463997;1;com.google.android.apps.nexuslauncher;APP_OPEN
2618;1767468464439;18;android;UNLOCK
2619;1767468466414;16;android;SCREEN_OFF
2620;1767468466899;2;com.google.android.apps.nexuslauncher;APP_CLOSE
2621;1767468467069;17;android;LOCK
2622;1767468882338;15;android;SCREEN_ON
2623;1767468882616;1;com.google.android.GoogleCamera;APP_OPEN
2624;1767468903986;2;com.google.android.GoogleCamera;APP_CLOSE
2625;1767468904003;1;com.google.android.apps.photos;APP_OPEN
2626;1767468904169;2;com.google.android.apps.photos;APP_CLOSE
2627;1767468904173;1;com.google.android.apps.photos;APP_OPEN
2628;1767468918026;1;com.google.android.apps.nexuslauncher;APP_OPEN
2629;1767468918035;2;com.google.android.apps.photos;APP_CLOSE
2630;1767468918426;2;com.google.android.apps.nexuslauncher;APP_CLOSE
2631;1767468920433;16;android;SCREEN_OFF
2632;1767468925961;15;android;SCREEN_ON
2633;1767468926792;1;com.google.android.apps.nexuslauncher;APP_OPEN
2634;1767468927227;18;android;UNLOCK
2635;1767468928129;16;android;SCREEN_OFF
2636;1767468928625;2;com.google.android.apps.nexuslauncher;APP_CLOSE
2637;1767468928797;17;android;LOCK
2638;1767469010142;15;android;SCREEN_ON
2639;1767469011137;1;com.google.android.apps.nexuslauncher;APP_OPEN
2640;1767469011571;18;android;UNLOCK
2641;1767469015665;2;com.google.android.apps.nexuslauncher;APP_CLOSE
2642;1767469015666;1;com.whatsapp;APP_OPEN
2643;1767469020105;2;com.whatsapp;APP_CLOSE
2644;1767469020108;1;com.whatsapp;APP_OPEN
2645;1767469026924;2;com.whatsapp;APP_CLOSE
2646;1767469026926;1;com.whatsapp;APP_OPEN
2647;1767469028430;2;com.whatsapp;APP_CLOSE
2648;1767469028431;1;com.whatsapp;APP_OPEN
2649;1767469029934;2;com.whatsapp;APP_CLOSE
2650;1767469029938;1;com.whatsapp;APP_OPEN
2651;1767469032492;1;com.google.android.apps.nexuslauncher;APP_OPEN
2652;1767469033037;2;com.whatsapp;APP_CLOSE
2653;1767469033729;16;android;SCREEN_OFF
2654;1767469034257;2;com.google.android.apps.nexuslauncher;APP_CLOSE
2655;1767469034407;17;android;LOCK
2656;1767469088034;15;android;SCREEN_ON
2657;1767469098028;16;android;SCREEN_OFF
2658;1767469158616;15;android;SCREEN_ON
2659;1767469159940;16;android;SCREEN_OFF
2660;1767469355963;15;android;SCREEN_ON
2661;1767469365959;16;android;SCREEN_OFF
2662;1767469884976;15;android;SCREEN_ON
2663;1767469887189;1;com.google.android.apps.nexuslauncher;APP_OPEN
2664;1767469887654;18;android;UNLOCK
2665;1767469889933;2;com.google.android.apps.nexuslauncher;APP_CLOSE
2666;1767469889943;1;com.whatsapp;APP_OPEN
2667;1767469902494;2;com.whatsapp;APP_CLOSE
2668;1767469902494;1;com.whatsapp;APP_OPEN
2669;1767469903625;1;com.google.android.apps.nexuslauncher;APP_OPEN
2670;1767469904146;2;com.whatsapp;APP_CLOSE
2671;1767469904543;2;com.google.android.apps.nexuslauncher;APP_CLOSE
2672;1767469904547;1;com.google.android.gm;APP_OPEN
2673;1767469913594;1;com.google.android.apps.nexuslauncher;APP_OPEN
2674;1767469914112;16;android;SCREEN_OFF
2675;1767469914537;2;com.google.android.gm;APP_CLOSE
2676;1767469914599;2;com.google.android.apps.nexuslauncher;APP_CLOSE
2677;1767469914767;17;android;LOCK
2678;1767469980607;15;android;SCREEN_ON
2679;1767469982971;1;com.google.android.apps.nexuslauncher;APP_OPEN
2680;1767469983400;18;android;UNLOCK
2681;1767470042143;2;com.google.android.apps.nexuslauncher;APP_CLOSE
2682;1767470042151;1;com.linkedin.android;APP_OPEN
2683;1767470042381;2;com.linkedin.android;APP_CLOSE
2684;1767470042382;1;com.linkedin.android;APP_OPEN
2685;1767470049287;1;com.google.android.apps.nexuslauncher;APP_OPEN
2686;1767470049815;2;com.linkedin.android;APP_CLOSE
2687;1767470049949;2;com.google.android.apps.nexuslauncher;APP_CLOSE
2688;1767470049950;1;com.android.chrome;APP_OPEN
2689;1767470051009;1;com.google.android.apps.nexuslauncher;APP_OPEN
2690;1767470052178;2;com.android.chrome;APP_CLOSE
2691;1767470083936;2;com.google.android.apps.nexuslauncher;APP_CLOSE
2692;1767470084122;1;com.google.android.youtube;APP_OPEN
2693;1767470197574;1;com.google.android.apps.nexuslauncher;APP_OPEN
2694;1767470198737;2;com.google.android.youtube;APP_CLOSE
2695;1767470201958;2;com.google.android.apps.nexuslauncher;APP_CLOSE
2696;1767470201960;1;com.linkedin.android;APP_OPEN
2697;1767470335423;1;com.google.android.apps.nexuslauncher;APP_OPEN
2698;1767470335959;2;com.linkedin.android;APP_CLOSE
2699;1767470354211;2;com.google.android.apps.nexuslauncher;APP_CLOSE
2700;1767470354213;1;com.google.android.googlequicksearchbox;APP_OPEN
2701;1767470354286;2;com.google.android.googlequicksearchbox;APP_CLOSE
2702;1767470354290;1;com.google.android.apps.weather;APP_OPEN
2703;1767470360901;1;com.google.android.apps.nexuslauncher;APP_OPEN
2704;1767470361493;2;com.google.android.apps.weather;APP_CLOSE
2705;1767470363391;16;android;SCREEN_OFF
2706;1767470363920;2;com.google.android.apps.nexuslauncher;APP_CLOSE
2707;1767470364086;17;android;LOCK
2708;1767470531772;15;android;SCREEN_ON
2709;1767470534566;16;android;SCREEN_OFF
2710;1767470552223;15;android;SCREEN_ON
2711;1767470571107;16;android;SCREEN_OFF
2712;1767470741179;15;android;SCREEN_ON
2713;1767470743048;1;com.google.android.apps.nexuslauncher;APP_OPEN
2714;1767470743503;18;android;UNLOCK
2715;1767470744556;2;com.google.android.apps.nexuslauncher;APP_CLOSE
2716;1767470744560;1;io.homeassistant.companion.android;APP_OPEN
2717;1767470744749;2;io.homeassistant.companion.android;APP_CLOSE
2718;1767470744752;1;io.homeassistant.companion.android;APP_OPEN
2719;1767470746553;2;io.homeassistant.companion.android;APP_CLOSE
2720;1767470746565;1;com.google.android.apps.nexuslauncher;APP_OPEN
2721;1767470749513;2;com.google.android.apps.nexuslauncher;APP_CLOSE
2722;1767470749516;1;com.whatsapp;APP_OPEN
2723;1767470750516;2;com.whatsapp;APP_CLOSE
2724;1767470750521;1;com.whatsapp;APP_OPEN
2725;1767470770595;2;com.whatsapp;APP_CLOSE
2726;1767470770596;1;com.whatsapp;APP_OPEN
2727;1767470795454;1;com.google.android.apps.nexuslauncher;APP_OPEN
2728;1767470796008;2;com.whatsapp;APP_CLOSE
2729;1767470801223;16;android;SCREEN_OFF
2730;1767470801748;2;com.google.android.apps.nexuslauncher;APP_CLOSE
2731;1767470801909;17;android;LOCK
2732;1767470954375;15;android;SCREEN_ON
2733;1767470957273;1;com.google.android.apps.nexuslauncher;APP_OPEN
2734;1767470957684;18;android;UNLOCK
2735;1767470958709;2;com.google.android.apps.nexuslauncher;APP_CLOSE
2736;1767470958709;1;com.instagram.android;APP_OPEN
2737;1767470958957;2;com.instagram.android;APP_CLOSE
2738;1767470958967;1;com.instagram.android;APP_OPEN
2739;1767470988257;2;com.instagram.android;APP_CLOSE
2740;1767470988259;1;com.instagram.android;APP_OPEN
2741;1767470999716;1;com.google.android.apps.nexuslauncher;APP_OPEN
2742;1767471000578;2;com.instagram.android;APP_CLOSE
2743;1767471000973;2;com.google.android.apps.nexuslauncher;APP_CLOSE
2744;1767471000976;1;com.whatsapp;APP_OPEN
2745;1767471002634;1;com.google.android.apps.nexuslauncher;APP_OPEN
2746;1767471002900;2;com.whatsapp;APP_CLOSE
2747;1767471011709;16;android;SCREEN_OFF
2748;1767471012235;2;com.google.android.apps.nexuslauncher;APP_CLOSE
2749;1767471012462;17;android;LOCK
2750;1767471026484;15;android;SCREEN_ON
2751;1767471036484;16;android;SCREEN_OFF
2752;1767471041527;15;android;SCREEN_ON
2753;1767471044061;16;android;SCREEN_OFF
2754;1767471046071;15;android;SCREEN_ON
2755;1767471052745;1;com.google.android.apps.nexuslauncher;APP_OPEN
2756;1767471053173;18;android;UNLOCK
2757;1767471060422;2;com.google.android.apps.nexuslauncher;APP_CLOSE
2758;1767471060423;1;com.whatsapp;APP_OPEN
2759;1767471062766;1;com.google.android.apps.nexuslauncher;APP_OPEN
2760;1767471063331;2;com.whatsapp;APP_CLOSE
2761;1767471067595;16;android;SCREEN_OFF
2762;1767471068137;2;com.google.android.apps.nexuslauncher;APP_CLOSE
2763;1767471068297;17;android;LOCK
2764;1767471162743;15;android;SCREEN_ON
2765;1767471174459;16;android;SCREEN_OFF
2766;1767471210989;15;android;SCREEN_ON
2767;1767471249803;16;android;SCREEN_OFF
2768;1767471276749;15;android;SCREEN_ON
2769;1767471286734;16;android;SCREEN_OFF
2770;1767471330835;15;android;SCREEN_ON
2771;1767471340831;16;android;SCREEN_OFF
2772;1767471651686;15;android;SCREEN_ON
2773;1767471661689;16;android;SCREEN_OFF
2774;1767472715967;15;android;SCREEN_ON
2775;1767472717326;1;com.google.android.apps.nexuslauncher;APP_OPEN
2776;1767472717777;18;android;UNLOCK
2777;1767472720650;2;com.google.android.apps.nexuslauncher;APP_CLOSE
2778;1767472720654;1;com.whatsapp;APP_OPEN
2779;1767472735025;1;com.google.android.apps.nexuslauncher;APP_OPEN
2780;1767472735559;2;com.whatsapp;APP_CLOSE
2781;1767472736902;16;android;SCREEN_OFF
2782;1767472737390;2;com.google.android.apps.nexuslauncher;APP_CLOSE
2783;1767472737554;17;android;LOCK
2784;1767472846267;15;android;SCREEN_ON
2785;1767472848822;16;android;SCREEN_OFF
2786;1767473119108;15;android;SCREEN_ON
2787;1767473120415;1;com.google.android.apps.nexuslauncher;APP_OPEN
2788;1767473120857;18;android;UNLOCK
2789;1767473125154;16;android;SCREEN_OFF
2790;1767473125707;2;com.google.android.apps.nexuslauncher;APP_CLOSE
2791;1767473125854;17;android;LOCK
2792;1767473515230;15;android;SCREEN_ON
2793;1767473525132;16;android;SCREEN_OFF
2794;1767473657153;15;android;SCREEN_ON
2795;1767473666478;16;android;SCREEN_OFF
2796;1767474750929;15;android;SCREEN_ON
2797;1767474753023;1;com.google.android.apps.nexuslauncher;APP_OPEN
2798;1767474753460;18;android;UNLOCK
2799;1767474759534;2;com.google.android.apps.nexuslauncher;APP_CLOSE
2800;1767474759539;1;com.snapchat.android;APP_OPEN
2801;1767474788362;1;com.google.android.apps.nexuslauncher;APP_OPEN
2802;1767474789237;2;com.snapchat.android;APP_CLOSE
2803;1767474789448;2;com.google.android.apps.nexuslauncher;APP_CLOSE
2804;1767474789449;1;com.whatsapp;APP_OPEN
2805;1767474790770;2;com.whatsapp;APP_CLOSE
2806;1767474790770;1;com.whatsapp;APP_OPEN
2807;1767474795490;1;com.google.android.apps.nexuslauncher;APP_OPEN
2808;1767474795748;2;com.whatsapp;APP_CLOSE
2809;1767474797124;16;android;SCREEN_OFF
2810;1767474797658;2;com.google.android.apps.nexuslauncher;APP_CLOSE
2811;1767474797817;17;android;LOCK
2812;1767475221252;15;android;SCREEN_ON
2813;1767475231765;16;android;SCREEN_OFF
2814;1767475642892;15;android;SCREEN_ON
2815;1767475653122;16;android;SCREEN_OFF
2816;1767478810855;15;android;SCREEN_ON
2817;1767478812070;16;android;SCREEN_OFF
2818;1767479238862;15;android;SCREEN_ON
2819;1767479240842;16;android;SCREEN_OFF
2820;1767479259859;15;android;SCREEN_ON
2821;1767479269835;16;android;SCREEN_OFF
2822;1767479303317;15;android;SCREEN_ON
2823;1767479313086;1;com.google.android.apps.nexuslauncher;APP_OPEN
2824;1767479313528;18;android;UNLOCK
2825;1767479313728;2;com.google.android.apps.nexuslauncher;APP_CLOSE
2826;1767479313728;1;com.android.chrome;APP_OPEN
2827;1767479391745;1;com.google.android.apps.nexuslauncher;APP_OPEN
2828;1767479392323;2;com.android.chrome;APP_CLOSE
2829;1767479392325;1;com.whatsapp;APP_OPEN
2830;1767479392363;2;com.google.android.apps.nexuslauncher;APP_CLOSE
2831;1767479395484;1;com.google.android.apps.nexuslauncher;APP_OPEN
2832;1767479396076;2;com.whatsapp;APP_CLOSE
2833;1767479396281;2;com.google.android.apps.nexuslauncher;APP_CLOSE
2834;1767479396282;1;com.android.chrome;APP_OPEN
2835;1767479420225;1;com.google.android.apps.nexuslauncher;APP_OPEN
2836;1767479421359;2;com.android.chrome;APP_CLOSE
2837;1767479421433;16;android;SCREEN_OFF
2838;1767479421912;2;com.google.android.apps.nexuslauncher;APP_CLOSE
2839;1767479422069;17;android;LOCK
2840;1767479506655;15;android;SCREEN_ON
2841;1767479507876;16;android;SCREEN_OFF
2842;1767479514377;15;android;SCREEN_ON
2843;1767479552038;16;android;SCREEN_OFF
2844;1767479705628;15;android;SCREEN_ON
2845;1767479712057;16;android;SCREEN_OFF
2846;1767480308222;15;android;SCREEN_ON
2847;1767480318223;16;android;SCREEN_OFF
2848;1767482600218;15;android;SCREEN_ON
2849;1767482602037;1;com.google.android.apps.nexuslauncher;APP_OPEN
2850;1767482602485;18;android;UNLOCK
2851;1767482610365;2;com.google.android.apps.nexuslauncher;APP_CLOSE
2852;1767482610366;1;io.homeassistant.companion.android;APP_OPEN
2853;1767482610572;2;io.homeassistant.companion.android;APP_CLOSE
2854;1767482610574;1;io.homeassistant.companion.android;APP_OPEN
2855;1767482654993;16;android;SCREEN_OFF
2856;1767482655521;2;io.homeassistant.companion.android;APP_CLOSE
2857;1767482655673;17;android;LOCK
2858;1767482656789;15;android;SCREEN_ON
2859;1767482666785;16;android;SCREEN_OFF
2860;1767482732916;15;android;SCREEN_ON
2861;1767482733928;1;io.homeassistant.companion.android;APP_OPEN
2862;1767482734396;18;android;UNLOCK
2863;1767482786664;16;android;SCREEN_OFF
2864;1767482787189;2;io.homeassistant.companion.android;APP_CLOSE
2865;1767482787323;17;android;LOCK
2866;1767484705399;15;android;SCREEN_ON
2867;1767484714434;16;android;SCREEN_OFF
2868;1767493773956;1;com.google.android.apps.wellbeing;APP_OPEN
2869;1767493774063;2;com.google.android.apps.wellbeing;APP_CLOSE
2870;1767493774068;1;com.google.android.apps.nexuslauncher;APP_OPEN
2871;1767493774567;2;com.google.android.apps.nexuslauncher;APP_CLOSE
2872;1767513956174;15;android;SCREEN_ON
2873;1767513958441;1;com.google.android.apps.nexuslauncher;APP_OPEN
2874;1767513958872;18;android;UNLOCK
2875;1767513970550;2;com.google.android.apps.nexuslauncher;APP_CLOSE
2876;1767513970555;1;com.whatsapp;APP_OPEN
2877;1767514003785;2;com.whatsapp;APP_CLOSE
2878;1767514003785;1;com.whatsapp;APP_OPEN
2879;1767514007838;2;com.whatsapp;APP_CLOSE
2880;1767514007841;1;com.whatsapp;APP_OPEN
2881;1767514009357;2;com.whatsapp;APP_CLOSE
2882;1767514009357;1;com.whatsapp;APP_OPEN
2883;1767514015307;2;com.whatsapp;APP_CLOSE
2884;1767514015310;1;com.whatsapp;APP_OPEN
2885;1767514015843;2;com.whatsapp;APP_CLOSE
2886;1767514015845;1;com.whatsapp;APP_OPEN
2887;1767514019143;1;com.google.android.apps.nexuslauncher;APP_OPEN
2888;1767514019990;2;com.whatsapp;APP_CLOSE
2889;1767514019995;1;io.homeassistant.companion.android;APP_OPEN
2890;1767514020045;2;com.google.android.apps.nexuslauncher;APP_CLOSE
2891;1767514020209;2;io.homeassistant.companion.android;APP_CLOSE
2892;1767514020210;1;com.google.android.apps.nexuslauncher;APP_OPEN
2893;1767514030067;2;com.google.android.apps.nexuslauncher;APP_CLOSE
2894;1767514030077;1;com.snapchat.android;APP_OPEN
2895;1767514069958;1;com.google.android.apps.nexuslauncher;APP_OPEN
2896;1767514070511;2;com.snapchat.android;APP_CLOSE
2897;1767514073332;2;com.google.android.apps.nexuslauncher;APP_CLOSE
2898;1767514073343;1;com.whatsapp;APP_OPEN
2899;1767514101349;1;com.google.android.apps.nexuslauncher;APP_OPEN
2900;1767514101896;2;com.whatsapp;APP_CLOSE
2901;1767514102951;16;android;SCREEN_OFF
2902;1767514103510;2;com.google.android.apps.nexuslauncher;APP_CLOSE
2903;1767514103679;17;android;LOCK
2904;1767514237891;15;android;SCREEN_ON
2905;1767514247890;16;android;SCREEN_OFF
2906;1767516400691;15;android;SCREEN_ON
2907;1767516404804;1;com.google.android.apps.nexuslauncher;APP_OPEN
2908;1767516405237;18;android;UNLOCK
2909;1767516406435;2;com.google.android.apps.nexuslauncher;APP_CLOSE
2910;1767516406442;1;com.google.android.googlequicksearchbox;APP_OPEN
2911;1767516406525;2;com.google.android.googlequicksearchbox;APP_CLOSE
2912;1767516406528;1;com.google.android.apps.weather;APP_OPEN
2913;1767516422161;2;com.google.android.apps.weather;APP_CLOSE
2914;1767516422164;1;com.google.android.apps.nexuslauncher;APP_OPEN
2915;1767516430993;2;com.google.android.apps.nexuslauncher;APP_CLOSE
2916;1767516430995;1;com.whatsapp;APP_OPEN
2917;1767516433555;2;com.whatsapp;APP_CLOSE
2918;1767516433556;1;com.whatsapp;APP_OPEN
2919;1767516435630;2;com.whatsapp;APP_CLOSE
2920;1767516435634;1;com.whatsapp;APP_OPEN
2921;1767516440261;2;com.whatsapp;APP_CLOSE
2922;1767516440262;1;com.whatsapp;APP_OPEN
2923;1767516443156;2;com.whatsapp;APP_CLOSE
2924;1767516443158;1;com.whatsapp;APP_OPEN
2925;1767516450917;2;com.whatsapp;APP_CLOSE
2926;1767516450918;1;com.whatsapp;APP_OPEN
2927;1767516458044;2;com.whatsapp;APP_CLOSE
2928;1767516458048;1;com.whatsapp;APP_OPEN
2929;1767516459075;2;com.whatsapp;APP_CLOSE
2930;1767516459080;1;com.whatsapp;APP_OPEN
2931;1767516461275;2;com.whatsapp;APP_CLOSE
2932;1767516461280;1;com.whatsapp;APP_OPEN
2933;1767516463328;2;com.whatsapp;APP_CLOSE
2934;1767516463329;1;com.whatsapp;APP_OPEN
2935;1767516463364;2;com.whatsapp;APP_CLOSE
2936;1767516463366;1;com.whatsapp;APP_OPEN
2937;1767516473884;2;com.whatsapp;APP_CLOSE
2938;1767516473886;1;com.whatsapp;APP_OPEN
2939;1767516480631;1;com.google.android.apps.nexuslauncher;APP_OPEN
2940;1767516481153;2;com.whatsapp;APP_CLOSE
2941;1767516483435;2;com.google.android.apps.nexuslauncher;APP_CLOSE
2942;1767516483436;1;com.google.android.googlequicksearchbox;APP_OPEN
2943;1767516483484;2;com.google.android.googlequicksearchbox;APP_CLOSE
2944;1767516483490;1;com.google.android.apps.weather;APP_OPEN
2945;1767516483550;2;com.google.android.apps.weather;APP_CLOSE
2946;1767516483555;1;com.google.android.apps.weather;APP_OPEN
2947;1767516491640;1;com.google.android.apps.nexuslauncher;APP_OPEN
2948;1767516492130;2;com.google.android.apps.weather;APP_CLOSE
2949;1767516492134;1;com.whatsapp;APP_OPEN
2950;1767516492170;2;com.google.android.apps.nexuslauncher;APP_CLOSE
2951;1767516495499;2;com.whatsapp;APP_CLOSE
2952;1767516495503;1;com.whatsapp;APP_OPEN
2953;1767516523601;2;com.whatsapp;APP_CLOSE
2954;1767516523604;1;com.whatsapp;APP_OPEN
2955;1767516525161;1;com.google.android.apps.nexuslauncher;APP_OPEN
2956;1767516525629;16;android;SCREEN_OFF
2957;1767516525678;2;com.whatsapp;APP_CLOSE
2958;1767516526156;2;com.google.android.apps.nexuslauncher;APP_CLOSE
2959;1767516526309;17;android;LOCK
2960;1767516622592;15;android;SCREEN_ON
2961;1767516627412;1;com.google.android.apps.nexuslauncher;APP_OPEN
2962;1767516627838;18;android;UNLOCK
2963;1767516629921;2;com.google.android.apps.nexuslauncher;APP_CLOSE
2964;1767516629923;1;com.whatsapp;APP_OPEN
2965;1767516638152;1;com.google.android.apps.nexuslauncher;APP_OPEN
2966;1767516638332;2;com.whatsapp;APP_CLOSE
2967;1767516639871;2;com.google.android.apps.nexuslauncher;APP_CLOSE
2968;1767516639878;1;com.google.android.youtube;APP_OPEN
2969;1767516698532;1;com.google.android.apps.nexuslauncher;APP_OPEN
2970;1767516699084;2;com.google.android.youtube;APP_CLOSE
2971;1767516819090;16;android;SCREEN_OFF
2972;1767516819660;2;com.google.android.apps.nexuslauncher;APP_CLOSE
2973;1767516824146;17;android;LOCK
2974;1767517006307;15;android;SCREEN_ON
2975;1767517016308;16;android;SCREEN_OFF
2976;1767517058206;15;android;SCREEN_ON
2977;1767517066741;16;android;SCREEN_OFF
2978;1767517151743;15;android;SCREEN_ON
2979;1767517153720;1;com.google.android.apps.nexuslauncher;APP_OPEN
2980;1767517154140;18;android;UNLOCK
2981;1767517154757;2;com.google.android.apps.nexuslauncher;APP_CLOSE
2982;1767517154762;1;com.google.android.googlequicksearchbox;APP_OPEN
2983;1767517154795;2;com.google.android.googlequicksearchbox;APP_CLOSE
2984;1767517154812;1;com.google.android.apps.weather;APP_OPEN
2985;1767517158966;1;com.google.android.apps.nexuslauncher;APP_OPEN
2986;1767517159509;16;android;SCREEN_OFF
2987;1767517159532;2;com.google.android.apps.weather;APP_CLOSE
2988;1767517160017;2;com.google.android.apps.nexuslauncher;APP_CLOSE
2989;1767517160227;17;android;LOCK
2990;1767517305387;15;android;SCREEN_ON
2991;1767517315380;16;android;SCREEN_OFF
2992;1767517631899;15;android;SCREEN_ON
2993;1767517641899;16;android;SCREEN_OFF
2994;1767517643130;15;android;SCREEN_ON
2995;1767517644450;16;android;SCREEN_OFF
2996;1767517644450;16;android;SCREEN_OFF
2997;1767517644450;16;android;SCREEN_OFF
2998;1767519414847;15;android;SCREEN_ON
2999;1767519424818;16;android;SCREEN_OFF
3000;1767519684174;15;android;SCREEN_ON
3001;1767519694167;16;android;SCREEN_OFF
3002;1767520305548;15;android;SCREEN_ON
3003;1767520312162;16;android;SCREEN_OFF
3004;1767520313540;15;android;SCREEN_ON
3005;1767520324403;16;android;SCREEN_OFF
3006;1767520492641;15;android;SCREEN_ON
3007;1767520495552;1;com.google.android.apps.nexuslauncher;APP_OPEN
3008;1767520496090;18;android;UNLOCK
3009;1767520499305;2;com.google.android.apps.nexuslauncher;APP_CLOSE
3010;1767520499310;1;com.google.android.GoogleCamera;APP_OPEN
3011;1767520531662;2;com.google.android.GoogleCamera;APP_CLOSE
3012;1767520531672;1;com.google.android.apps.photos;APP_OPEN
3013;1767520536074;2;com.google.android.apps.photos;APP_CLOSE
3014;1767520536074;1;com.google.android.GoogleCamera;APP_OPEN
3015;1767520537189;2;com.google.android.GoogleCamera;APP_CLOSE
3016;1767520537195;1;com.google.android.apps.photos;APP_OPEN
3017;1767520558841;2;com.google.android.apps.photos;APP_CLOSE
3018;1767520558844;1;com.google.android.GoogleCamera;APP_OPEN
3019;1767520569688;1;com.google.android.apps.nexuslauncher;APP_OPEN
3020;1767520570038;2;com.google.android.apps.nexuslauncher;APP_CLOSE
3021;1767520570841;2;com.google.android.GoogleCamera;APP_CLOSE
3022;1767520570845;1;com.google.android.apps.photos;APP_OPEN
3023;1767520601019;2;com.google.android.apps.photos;APP_CLOSE
3024;1767520601020;1;com.google.android.GoogleCamera;APP_OPEN
3025;1767520602242;2;com.google.android.GoogleCamera;APP_CLOSE
3026;1767520602249;1;com.google.android.apps.photos;APP_OPEN
3027;1767520603371;1;com.google.android.apps.nexuslauncher;APP_OPEN
3028;1767520604509;2;com.google.android.apps.photos;APP_CLOSE
3029;1767520605216;16;android;SCREEN_OFF
3030;1767520605695;2;com.google.android.apps.nexuslauncher;APP_CLOSE
3031;1767520605860;17;android;LOCK
3032;1767521130488;15;android;SCREEN_ON
3033;1767521130577;1;com.google.android.GoogleCamera;APP_OPEN
3034;1767521162785;2;com.google.android.GoogleCamera;APP_CLOSE
3035;1767521162796;1;com.google.android.apps.photos;APP_OPEN
3036;1767521162870;2;com.google.android.apps.photos;APP_CLOSE
3037;1767521162870;1;com.google.android.apps.photos;APP_OPEN
3038;1767521184539;1;com.google.android.apps.nexuslauncher;APP_OPEN
3039;1767521184569;2;com.google.android.apps.photos;APP_CLOSE
3040;1767521184933;2;com.google.android.apps.nexuslauncher;APP_CLOSE
3041;1767521194145;1;com.google.android.apps.nexuslauncher;APP_OPEN
3042;1767521194559;18;android;UNLOCK
3043;1767521195122;2;com.google.android.apps.nexuslauncher;APP_CLOSE
3044;1767521195123;1;com.google.android.GoogleCamera;APP_OPEN
3045;1767521247696;1;com.google.android.apps.nexuslauncher;APP_OPEN
3046;1767521248215;2;com.google.android.GoogleCamera;APP_CLOSE
3047;1767521248217;1;com.google.android.apps.weather;APP_OPEN
3048;1767521248269;2;com.google.android.apps.nexuslauncher;APP_CLOSE
3049;1767521249122;1;com.google.android.apps.nexuslauncher;APP_OPEN
3050;1767521249681;2;com.google.android.apps.weather;APP_CLOSE
3051;1767521250351;16;android;SCREEN_OFF
3052;1767521250865;2;com.google.android.apps.nexuslauncher;APP_CLOSE
3053;1767521251019;17;android;LOCK
3054;1767521252616;15;android;SCREEN_ON
3055;1767521252892;1;com.google.android.GoogleCamera;APP_OPEN
3056;1767521264083;2;com.google.android.GoogleCamera;APP_CLOSE
3057;1767521264096;1;com.google.android.apps.photos;APP_OPEN
3058;1767521264174;2;com.google.android.apps.photos;APP_CLOSE
3059;1767521264175;1;com.google.android.apps.photos;APP_OPEN
3060;1767521266863;2;com.google.android.apps.photos;APP_CLOSE
3061;1767521266864;1;com.google.android.GoogleCamera;APP_OPEN
3062;1767521268170;1;com.google.android.apps.nexuslauncher;APP_OPEN
3063;1767521268182;2;com.google.android.GoogleCamera;APP_CLOSE
3064;1767521268533;2;com.google.android.apps.nexuslauncher;APP_CLOSE
3065;1767521275960;1;com.google.android.apps.nexuslauncher;APP_OPEN
3066;1767521276377;18;android;UNLOCK
3067;1767521276759;2;com.google.android.apps.nexuslauncher;APP_CLOSE
3068;1767521276759;1;com.google.android.GoogleCamera;APP_OPEN
3069;1767521285952;2;com.google.android.GoogleCamera;APP_CLOSE
3070;1767521285955;1;com.google.android.apps.photos;APP_OPEN
3071;1767521292217;1;com.google.android.apps.nexuslauncher;APP_OPEN
3072;1767521293332;2;com.google.android.apps.photos;APP_CLOSE
3073;1767521294267;16;android;SCREEN_OFF
3074;1767521294831;2;com.google.android.apps.nexuslauncher;APP_CLOSE
3075;1767521294988;17;android;LOCK
3076;1767521396811;15;android;SCREEN_ON
3077;1767521398748;16;android;SCREEN_OFF
3078;1767521398851;15;android;SCREEN_ON
3079;1767521398890;1;com.google.android.GoogleCamera;APP_OPEN
3080;1767521417128;2;com.google.android.GoogleCamera;APP_CLOSE
3081;1767521417138;1;com.google.android.apps.photos;APP_OPEN
3082;1767521417190;2;com.google.android.apps.photos;APP_CLOSE
3083;1767521417191;1;com.google.android.apps.photos;APP_OPEN
3084;1767521419133;2;com.google.android.apps.photos;APP_CLOSE
3085;1767521419134;1;com.google.android.GoogleCamera;APP_OPEN
3086;1767521424053;2;com.google.android.GoogleCamera;APP_CLOSE
3087;1767521424065;1;com.google.android.apps.photos;APP_OPEN
3088;1767521424129;2;com.google.android.apps.photos;APP_CLOSE
3089;1767521424129;1;com.google.android.apps.photos;APP_OPEN
3090;1767521435754;2;com.google.android.apps.photos;APP_CLOSE
3091;1767521435755;1;com.google.android.GoogleCamera;APP_OPEN
3092;1767521455820;2;com.google.android.GoogleCamera;APP_CLOSE
3093;1767521455833;1;com.google.android.apps.photos;APP_OPEN
3094;1767521455853;2;com.google.android.apps.photos;APP_CLOSE
3095;1767521455853;1;com.google.android.apps.photos;APP_OPEN
3096;1767521467201;2;com.google.android.apps.photos;APP_CLOSE
3097;1767521467202;1;com.google.android.GoogleCamera;APP_OPEN
3098;1767521479453;2;com.google.android.GoogleCamera;APP_CLOSE
3099;1767521479467;1;com.google.android.apps.photos;APP_OPEN
3100;1767521479493;2;com.google.android.apps.photos;APP_CLOSE
3101;1767521479493;1;com.google.android.apps.photos;APP_OPEN
3102;1767521485374;1;com.google.android.apps.nexuslauncher;APP_OPEN
3103;1767521485385;2;com.google.android.apps.photos;APP_CLOSE
3104;1767521485722;2;com.google.android.apps.nexuslauncher;APP_CLOSE
3105;1767521486669;16;android;SCREEN_OFF
3106;1767521487611;15;android;SCREEN_ON
3107;1767521491751;16;android;SCREEN_OFF
3108;1767521849725;15;android;SCREEN_ON
3109;1767521856566;1;com.google.android.apps.nexuslauncher;APP_OPEN
3110;1767521856996;18;android;UNLOCK
3111;1767521860582;2;com.google.android.apps.nexuslauncher;APP_CLOSE
3112;1767521860584;1;com.whatsapp;APP_OPEN
3113;1767521865759;2;com.whatsapp;APP_CLOSE
3114;1767521865762;1;com.whatsapp;APP_OPEN
3115;1767521867002;2;com.whatsapp;APP_CLOSE
3116;1767521867004;1;com.whatsapp;APP_OPEN
3117;1767521892452;2;com.whatsapp;APP_CLOSE
3118;1767521892454;1;com.whatsapp;APP_OPEN
3119;1767521892550;1;com.google.android.apps.nexuslauncher;APP_OPEN
3120;1767521892895;2;com.whatsapp;APP_CLOSE
3121;1767521892896;1;com.google.android.apps.photos;APP_OPEN
3122;1767521892932;2;com.google.android.apps.nexuslauncher;APP_CLOSE
3123;1767521893327;16;android;SCREEN_OFF
3124;1767521893804;2;com.google.android.apps.photos;APP_CLOSE
3125;1767521893953;17;android;LOCK
3126;1767521894013;15;android;SCREEN_ON
3127;1767521907181;16;android;SCREEN_OFF
3128;1767522580939;15;android;SCREEN_ON
3129;1767522580945;1;com.google.android.googlequicksearchbox;APP_OPEN
3130;1767522580949;2;com.google.android.googlequicksearchbox;APP_CLOSE
3131;1767522580950;1;com.google.android.googlequicksearchbox;APP_OPEN
3132;1767522707306;16;android;SCREEN_OFF
3133;1767522707823;2;com.google.android.googlequicksearchbox;APP_CLOSE
3134;1767523109534;15;android;SCREEN_ON
3135;1767523109616;1;com.google.android.GoogleCamera;APP_OPEN
3136;1767523113914;1;com.google.android.apps.nexuslauncher;APP_OPEN
3137;1767523113946;2;com.google.android.GoogleCamera;APP_CLOSE
3138;1767523114258;2;com.google.android.apps.nexuslauncher;APP_CLOSE
3139;1767523116357;1;com.google.android.apps.nexuslauncher;APP_OPEN
3140;1767523116774;18;android;UNLOCK
3141;1767523117923;2;com.google.android.apps.nexuslauncher;APP_CLOSE
3142;1767523117926;1;com.whatsapp;APP_OPEN
3143;1767523118875;2;com.whatsapp;APP_CLOSE
3144;1767523118876;1;com.whatsapp;APP_OPEN
3145;1767523122611;2;com.whatsapp;APP_CLOSE
3146;1767523122613;1;com.whatsapp;APP_OPEN
3147;1767523123305;2;com.whatsapp;APP_CLOSE
3148;1767523123308;1;com.whatsapp;APP_OPEN
3149;1767523124114;2;com.whatsapp;APP_CLOSE
3150;1767523124118;1;com.whatsapp;APP_OPEN
3151;1767523125425;2;com.whatsapp;APP_CLOSE
3152;1767523125426;1;com.whatsapp;APP_OPEN
3153;1767523125455;2;com.whatsapp;APP_CLOSE
3154;1767523125456;1;com.whatsapp;APP_OPEN
3155;1767523125528;1;com.google.android.apps.nexuslauncher;APP_OPEN
3156;1767523126066;2;com.whatsapp;APP_CLOSE
3157;1767523127563;16;android;SCREEN_OFF
3158;1767523128055;2;com.google.android.apps.nexuslauncher;APP_CLOSE
3159;1767523128228;17;android;LOCK
3160;1767523815380;15;android;SCREEN_ON
3161;1767523822382;1;com.google.android.apps.nexuslauncher;APP_OPEN
3162;1767523822818;18;android;UNLOCK
3163;1767523827226;2;com.google.android.apps.nexuslauncher;APP_CLOSE
3164;1767523827226;1;com.google.android.GoogleCamera;APP_OPEN
3165;1767523836240;1;com.google.android.apps.nexuslauncher;APP_OPEN
3166;1767523837364;2;com.google.android.GoogleCamera;APP_CLOSE
3167;1767523845120;16;android;SCREEN_OFF
3168;1767523845620;2;com.google.android.apps.nexuslauncher;APP_CLOSE
3169;1767523845787;17;android;LOCK
3170;1767524028870;15;android;SCREEN_ON
3171;1767524030794;16;android;SCREEN_OFF
3172;1767524030880;15;android;SCREEN_ON
3173;1767524031308;1;com.google.android.GoogleCamera;APP_OPEN
3174;1767524045405;1;com.google.android.apps.nexuslauncher;APP_OPEN
3175;1767524045414;2;com.google.android.GoogleCamera;APP_CLOSE
3176;1767524045760;2;com.google.android.apps.nexuslauncher;APP_CLOSE
3177;1767524051421;1;com.google.android.apps.nexuslauncher;APP_OPEN
3178;1767524051834;18;android;UNLOCK
3179;1767524070401;16;android;SCREEN_OFF
3180;1767524070908;2;com.google.android.apps.nexuslauncher;APP_CLOSE
3181;1767524071067;17;android;LOCK
3182;1767524082186;15;android;SCREEN_ON
3183;1767524083962;16;android;SCREEN_OFF
3184;1767524084055;15;android;SCREEN_ON
3185;1767524084099;1;com.google.android.GoogleCamera;APP_OPEN
3186;1767524096785;1;com.google.android.apps.nexuslauncher;APP_OPEN
3187;1767524096813;2;com.google.android.GoogleCamera;APP_CLOSE
3188;1767524097157;2;com.google.android.apps.nexuslauncher;APP_CLOSE
3189;1767524098138;16;android;SCREEN_OFF
3190;1767526579323;15;android;SCREEN_ON
3191;1767526583494;16;android;SCREEN_OFF
3192;1767528841052;15;android;SCREEN_ON
3193;1767528841282;1;com.google.android.GoogleCamera;APP_OPEN
3194;1767528862751;1;com.google.android.apps.nexuslauncher;APP_OPEN
3195;1767528862773;2;com.google.android.GoogleCamera;APP_CLOSE
3196;1767528863130;2;com.google.android.apps.nexuslauncher;APP_CLOSE
3197;1767528863309;16;android;SCREEN_OFF
3198;1767528864146;15;android;SCREEN_ON
3199;1767528868199;16;android;SCREEN_OFF
3200;1767530552029;15;android;SCREEN_ON
3201;1767530553797;1;com.google.android.apps.nexuslauncher;APP_OPEN
3202;1767530554248;18;android;UNLOCK
3203;1767530558786;16;android;SCREEN_OFF
3204;1767530559272;2;com.google.android.apps.nexuslauncher;APP_CLOSE
3205;1767530559431;17;android;LOCK
3206;1767531382565;15;android;SCREEN_ON
3207;1767531392566;16;android;SCREEN_OFF
3208;1767531706057;15;android;SCREEN_ON
3209;1767531716055;16;android;SCREEN_OFF
3210;1767532938508;15;android;SCREEN_ON
3211;1767532948508;16;android;SCREEN_OFF
3212;1767533048501;15;android;SCREEN_ON
3213;1767533058502;16;android;SCREEN_OFF
3214;1767533537557;15;android;SCREEN_ON
3215;1767533547558;16;android;SCREEN_OFF
3216;1767533964921;15;android;SCREEN_ON
3217;1767533974922;16;android;SCREEN_OFF
3218;1767535546154;15;android;SCREEN_ON
3219;1767535556157;16;android;SCREEN_OFF
3220;1767535851847;15;android;SCREEN_ON
3221;1767535861839;16;android;SCREEN_OFF
3222;1767536238178;15;android;SCREEN_ON
3223;1767536248168;16;android;SCREEN_OFF
3224;1767536401867;15;android;SCREEN_ON
3225;1767536411860;16;android;SCREEN_OFF
3226;1767536620481;15;android;SCREEN_ON
3227;1767536623586;1;com.google.android.apps.nexuslauncher;APP_OPEN
3228;1767536624023;18;android;UNLOCK
3229;1767536625769;2;com.google.android.apps.nexuslauncher;APP_CLOSE
3230;1767536625771;1;com.snapchat.android;APP_OPEN
3231;1767536646611;1;com.google.android.apps.nexuslauncher;APP_OPEN
3232;1767536647176;2;com.snapchat.android;APP_CLOSE
3233;1767536647427;16;android;SCREEN_OFF
3234;1767536647912;2;com.google.android.apps.nexuslauncher;APP_CLOSE
3235;1767536648078;17;android;LOCK
3236;1767537071149;15;android;SCREEN_ON
3237;1767537075914;1;com.google.android.apps.nexuslauncher;APP_OPEN
3238;1767537076364;18;android;UNLOCK
3239;1767537077862;16;android;SCREEN_OFF
3240;1767537078348;2;com.google.android.apps.nexuslauncher;APP_CLOSE
3241;1767537078564;17;android;LOCK
3242;1767537106137;15;android;SCREEN_ON
3243;1767537107402;1;com.google.android.apps.nexuslauncher;APP_OPEN
3244;1767537107840;18;android;UNLOCK
3245;1767537110546;2;com.google.android.apps.nexuslauncher;APP_CLOSE
3246;1767537110549;1;com.whatsapp;APP_OPEN
3247;1767537112361;2;com.whatsapp;APP_CLOSE
3248;1767537112362;1;com.whatsapp;APP_OPEN
3249;1767537113734;2;com.whatsapp;APP_CLOSE
3250;1767537113736;1;com.whatsapp;APP_OPEN
3251;1767537130237;2;com.whatsapp;APP_CLOSE
3252;1767537130238;1;com.whatsapp;APP_OPEN
3253;1767537135990;1;com.google.android.apps.nexuslauncher;APP_OPEN
3254;1767537136246;2;com.whatsapp;APP_CLOSE
3255;1767537136938;2;com.google.android.apps.nexuslauncher;APP_CLOSE
3256;1767537137643;1;com.instagram.android;APP_OPEN
3257;1767537147392;2;com.instagram.android;APP_CLOSE
3258;1767537147396;1;com.instagram.android;APP_OPEN
3259;1767537148490;2;com.instagram.android;APP_CLOSE
3260;1767537148491;1;com.instagram.android;APP_OPEN
3261;1767537149528;2;com.instagram.android;APP_CLOSE
3262;1767537149530;1;com.instagram.android;APP_OPEN
3263;1767537150216;2;com.instagram.android;APP_CLOSE
3264;1767537150217;1;com.instagram.android;APP_OPEN
3265;1767537161946;2;com.instagram.android;APP_CLOSE
3266;1767537161949;1;com.instagram.android;APP_OPEN
3267;1767537161978;2;com.instagram.android;APP_CLOSE
3268;1767537161981;1;com.android.vending;APP_OPEN
3269;1767537163098;2;com.android.vending;APP_CLOSE
3270;1767537163099;1;com.instagram.android;APP_OPEN
3271;1767537164059;2;com.instagram.android;APP_CLOSE
3272;1767537164061;1;com.instagram.android;APP_OPEN
3273;1767537164086;2;com.instagram.android;APP_CLOSE
3274;1767537164087;1;com.android.vending;APP_OPEN
3275;1767537164971;2;com.android.vending;APP_CLOSE
3276;1767537164972;1;com.instagram.android;APP_OPEN
3277;1767537194532;1;com.google.android.apps.nexuslauncher;APP_OPEN
3278;1767537194892;2;com.instagram.android;APP_CLOSE
3279;1767537200491;2;com.google.android.apps.nexuslauncher;APP_CLOSE
3280;1767537200496;1;io.homeassistant.companion.android;APP_OPEN
3281;1767537200818;2;io.homeassistant.companion.android;APP_CLOSE
3282;1767537200821;1;io.homeassistant.companion.android;APP_OPEN
3283;1767537210759;2;io.homeassistant.companion.android;APP_CLOSE
3284;1767537210773;1;com.google.android.apps.nexuslauncher;APP_OPEN
3285;1767537213233;2;com.google.android.apps.nexuslauncher;APP_CLOSE
3286;1767537213235;1;com.instagram.android;APP_OPEN
3287;1767537381141;2;com.instagram.android;APP_CLOSE
3288;1767537381144;1;com.instagram.android;APP_OPEN
3289;1767537384307;2;com.instagram.android;APP_CLOSE
3290;1767537384308;1;com.instagram.android;APP_OPEN
3291;1767537400544;2;com.instagram.android;APP_CLOSE
3292;1767537400548;1;com.instagram.android;APP_OPEN
3293;1767537401517;2;com.instagram.android;APP_CLOSE
3294;1767537401518;1;com.instagram.android;APP_OPEN
3295;1767537402176;2;com.instagram.android;APP_CLOSE
3296;1767537402179;1;com.instagram.android;APP_OPEN
3297;1767537403087;2;com.instagram.android;APP_CLOSE
3298;1767537403087;1;com.instagram.android;APP_OPEN
3299;1767537405522;1;com.google.android.apps.nexuslauncher;APP_OPEN
3300;1767537406161;2;com.instagram.android;APP_CLOSE
3301;1767537406174;1;io.homeassistant.companion.android;APP_OPEN
3302;1767537406203;2;com.google.android.apps.nexuslauncher;APP_CLOSE
3303;1767537406253;2;io.homeassistant.companion.android;APP_CLOSE
3304;1767537406255;1;io.homeassistant.companion.android;APP_OPEN
3305;1767537406809;1;com.google.android.apps.nexuslauncher;APP_OPEN
3306;1767537407942;2;io.homeassistant.companion.android;APP_CLOSE
3307;1767537408087;2;com.google.android.apps.nexuslauncher;APP_CLOSE
3308;1767537408088;1;com.whatsapp;APP_OPEN
3309;1767537410137;2;com.whatsapp;APP_CLOSE
3310;1767537410140;1;com.whatsapp;APP_OPEN
3311;1767537411109;2;com.whatsapp;APP_CLOSE
3312;1767537411113;1;com.whatsapp;APP_OPEN
3313;1767537421874;1;com.google.android.apps.nexuslauncher;APP_OPEN
3314;1767537422437;2;com.whatsapp;APP_CLOSE
3315;1767537422759;2;com.google.android.apps.nexuslauncher;APP_CLOSE
3316;1767537422773;1;com.google.android.apps.photos;APP_OPEN
3317;1767537524358;1;com.google.android.apps.nexuslauncher;APP_OPEN
3318;1767537525442;2;com.google.android.apps.photos;APP_CLOSE
3319;1767537526643;2;com.google.android.apps.nexuslauncher;APP_CLOSE
3320;1767537526645;1;com.google.android.apps.photos;APP_OPEN
3321;1767537571501;1;com.google.android.apps.nexuslauncher;APP_OPEN
3322;1767537572131;2;com.google.android.apps.photos;APP_CLOSE
3323;1767537572133;1;com.whatsapp;APP_OPEN
3324;1767537572285;2;com.google.android.apps.nexuslauncher;APP_CLOSE
3325;1767537575323;2;com.whatsapp;APP_CLOSE
3326;1767537575325;1;com.whatsapp;APP_OPEN
3327;1767537576769;2;com.whatsapp;APP_CLOSE
3328;1767537576772;1;com.whatsapp;APP_OPEN
3329;1767537586344;2;com.whatsapp;APP_CLOSE
3330;1767537586346;1;com.whatsapp;APP_OPEN
3331;1767537587543;2;com.whatsapp;APP_CLOSE
3332;1767537587545;1;com.whatsapp;APP_OPEN
3333;1767537591106;2;com.whatsapp;APP_CLOSE
3334;1767537591108;1;com.whatsapp;APP_OPEN
3335;1767537591674;2;com.whatsapp;APP_CLOSE
3336;1767537591675;1;com.whatsapp;APP_OPEN
3337;1767537592809;2;com.whatsapp;APP_CLOSE
3338;1767537592809;1;com.whatsapp;APP_OPEN
3339;1767537593713;2;com.whatsapp;APP_CLOSE
3340;1767537593714;1;com.whatsapp;APP_OPEN
3341;1767537595403;2;com.whatsapp;APP_CLOSE
3342;1767537595406;1;com.whatsapp;APP_OPEN
3343;1767537613841;2;com.whatsapp;APP_CLOSE
3344;1767537613844;1;com.whatsapp;APP_OPEN
3345;1767537620700;2;com.whatsapp;APP_CLOSE
3346;1767537620704;1;com.whatsapp;APP_OPEN
3347;1767537624111;2;com.whatsapp;APP_CLOSE
3348;1767537624112;1;com.whatsapp;APP_OPEN
3349;1767537624142;2;com.whatsapp;APP_CLOSE
3350;1767537624144;1;com.whatsapp;APP_OPEN
3351;1767537625782;2;com.whatsapp;APP_CLOSE
3352;1767537625783;1;com.whatsapp;APP_OPEN
3353;1767537629287;1;com.google.android.apps.nexuslauncher;APP_OPEN
3354;1767537629884;2;com.whatsapp;APP_CLOSE
3355;1767537630353;16;android;SCREEN_OFF
3356;1767537630889;2;com.google.android.apps.nexuslauncher;APP_CLOSE
3357;1767537631061;17;android;LOCK
3358;1767537729299;15;android;SCREEN_ON
3359;1767537757724;16;android;SCREEN_OFF
3360;1767538032818;15;android;SCREEN_ON
3361;1767538042818;16;android;SCREEN_OFF
3362;1767539674150;15;android;SCREEN_ON
3363;1767539675207;1;com.google.android.apps.nexuslauncher;APP_OPEN
3364;1767539675643;18;android;UNLOCK
3365;1767539677756;2;com.google.android.apps.nexuslauncher;APP_CLOSE
3366;1767539677758;1;com.instagram.android;APP_OPEN
3367;1767539678028;2;com.instagram.android;APP_CLOSE
3368;1767539678043;1;com.instagram.android;APP_OPEN
3369;1767539680314;2;com.instagram.android;APP_CLOSE
3370;1767539680316;1;com.instagram.android;APP_OPEN
3371;1767539710365;2;com.instagram.android;APP_CLOSE
3372;1767539710367;1;com.instagram.android;APP_OPEN
3373;1767539712176;2;com.instagram.android;APP_CLOSE
3374;1767539712178;1;com.instagram.android;APP_OPEN
3375;1767539829915;1;com.google.android.apps.nexuslauncher;APP_OPEN
3376;1767539830207;2;com.instagram.android;APP_CLOSE
3377;1767539833543;2;com.google.android.apps.nexuslauncher;APP_CLOSE
3378;1767539833546;1;com.whatsapp;APP_OPEN
3379;1767539835972;2;com.whatsapp;APP_CLOSE
3380;1767539835975;1;com.whatsapp;APP_OPEN
3381;1767539865872;2;com.whatsapp;APP_CLOSE
3382;1767539865873;1;com.whatsapp;APP_OPEN
3383;1767539867562;2;com.whatsapp;APP_CLOSE
3384;1767539867565;1;com.whatsapp;APP_OPEN
3385;1767539868477;2;com.whatsapp;APP_CLOSE
3386;1767539868478;1;com.whatsapp;APP_OPEN
3387;1767539871641;1;com.google.android.apps.nexuslauncher;APP_OPEN
3388;1767539872170;2;com.whatsapp;APP_CLOSE
3389;1767539872950;2;com.google.android.apps.nexuslauncher;APP_CLOSE
3390;1767539872950;1;com.google.android.apps.photos;APP_OPEN
3391;1767539966312;16;android;SCREEN_OFF
3392;1767539966893;2;com.google.android.apps.photos;APP_CLOSE
3393;1767539966965;17;android;LOCK
3394;1767539972789;15;android;SCREEN_ON
3395;1767539976395;1;com.google.android.apps.photos;APP_OPEN
3396;1767539976823;18;android;UNLOCK
3397;1767540005880;1;com.google.android.apps.nexuslauncher;APP_OPEN
3398;1767540006872;2;com.google.android.apps.photos;APP_CLOSE
3399;1767540008407;16;android;SCREEN_OFF
3400;1767540008909;2;com.google.android.apps.nexuslauncher;APP_CLOSE
3401;1767540009073;17;android;LOCK
3402;1767540011755;15;android;SCREEN_ON
3403;1767540014288;1;com.google.android.googlequicksearchbox;APP_OPEN
3404;1767540016369;2;com.google.android.googlequicksearchbox;APP_CLOSE
3405;1767540016370;1;com.google.android.apps.nexuslauncher;APP_OPEN
3406;1767540016400;2;com.google.android.apps.nexuslauncher;APP_CLOSE
3407;1767540021757;1;com.google.android.googlequicksearchbox;APP_OPEN
3408;1767540028031;2;com.google.android.googlequicksearchbox;APP_CLOSE
3409;1767540028038;1;com.google.android.deskclock;APP_OPEN
3410;1767540028111;2;com.google.android.deskclock;APP_CLOSE
3411;1767540028112;1;com.google.android.googlequicksearchbox;APP_OPEN
3412;1767540030386;2;com.google.android.googlequicksearchbox;APP_CLOSE
3413;1767540030387;1;com.google.android.apps.nexuslauncher;APP_OPEN
3414;1767540030405;2;com.google.android.apps.nexuslauncher;APP_CLOSE
3415;1767540034503;16;android;SCREEN_OFF
3416;1767540638401;15;android;SCREEN_ON
3417;1767540648395;16;android;SCREEN_OFF
3418;1767541108400;15;android;SCREEN_ON
3419;1767541151682;1;com.google.android.apps.nexuslauncher;APP_OPEN
3420;1767541152118;18;android;UNLOCK
3421;1767541153449;2;com.google.android.apps.nexuslauncher;APP_CLOSE
3422;1767541153451;1;com.snapchat.android;APP_OPEN
3423;1767541199889;1;com.google.android.apps.nexuslauncher;APP_OPEN
3424;1767541200643;2;com.snapchat.android;APP_CLOSE
3425;1767541201565;2;com.google.android.apps.nexuslauncher;APP_CLOSE
3426;1767541201569;1;com.whatsapp;APP_OPEN
3427;1767541204389;1;com.google.android.apps.nexuslauncher;APP_OPEN
3428;1767541204830;2;com.whatsapp;APP_CLOSE
3429;1767541249923;16;android;SCREEN_OFF
3430;1767541250391;2;com.google.android.apps.nexuslauncher;APP_CLOSE
3431;1767541250558;17;android;LOCK
3432;1767541481410;15;android;SCREEN_ON
3433;1767541488785;1;com.google.android.apps.nexuslauncher;APP_OPEN
3434;1767541489215;18;android;UNLOCK
3435;1767541492133;2;com.google.android.apps.nexuslauncher;APP_CLOSE
3436;1767541492149;1;com.google.android.GoogleCamera;APP_OPEN
3437;1767541565186;2;com.google.android.GoogleCamera;APP_CLOSE
3438;1767541565195;1;com.google.android.apps.photos;APP_OPEN
3439;1767541615119;2;com.google.android.apps.photos;APP_CLOSE
3440;1767541615120;1;com.google.android.GoogleCamera;APP_OPEN
3441;1767541619159;1;com.google.android.apps.nexuslauncher;APP_OPEN
3442;1767541620244;2;com.google.android.GoogleCamera;APP_CLOSE
3443;1767541620789;2;com.google.android.apps.nexuslauncher;APP_CLOSE
3444;1767541620790;1;com.google.android.apps.photos;APP_OPEN
3445;1767541631716;2;com.google.android.apps.photos;APP_CLOSE
3446;1767541631719;1;com.google.android.apps.photos;APP_OPEN
3447;1767541633108;2;com.google.android.apps.photos;APP_CLOSE
3448;1767541633108;1;com.google.android.apps.photos;APP_OPEN
3449;1767541634237;1;com.google.android.apps.nexuslauncher;APP_OPEN
3450;1767541635364;2;com.google.android.apps.photos;APP_CLOSE
3451;1767541637061;16;android;SCREEN_OFF
3452;1767541637595;2;com.google.android.apps.nexuslauncher;APP_CLOSE
3453;1767541637745;17;android;LOCK
3454;1767541647023;15;android;SCREEN_ON
3455;1767541648382;1;com.google.android.apps.nexuslauncher;APP_OPEN
3456;1767541648815;18;android;UNLOCK
3457;1767541649715;2;com.google.android.apps.nexuslauncher;APP_CLOSE
3458;1767541649717;1;com.android.chrome;APP_OPEN
3459;1767542032280;16;android;SCREEN_OFF
3460;1767542032675;15;android;SCREEN_ON
3461;1767542032693;17;android;LOCK
3462;1767542032876;2;com.android.chrome;APP_CLOSE
3463;1767542033325;1;com.google.android.googlequicksearchbox;APP_OPEN
3464;1767542033889;16;android;SCREEN_OFF
3465;1767542034369;2;com.google.android.googlequicksearchbox;APP_CLOSE
3466;1767542037052;15;android;SCREEN_ON
3467;1767542038030;1;com.android.chrome;APP_OPEN
3468;1767542038476;18;android;UNLOCK
3469;1767542038476;18;android;UNLOCK
3470;1767542458950;16;android;SCREEN_OFF
3471;1767542459754;2;com.android.chrome;APP_CLOSE
3472;1767542464010;17;android;LOCK
3473;1767542546427;15;android;SCREEN_ON
3474;1767542547478;1;com.android.chrome;APP_OPEN
3475;1767542547923;18;android;UNLOCK
3476;1767542551754;2;com.android.chrome;APP_CLOSE
3477;1767542551761;1;com.snapchat.android;APP_OPEN
3478;1767542561001;1;com.google.android.apps.nexuslauncher;APP_OPEN
3479;1767542561749;2;com.snapchat.android;APP_CLOSE
3480;1767542562312;2;com.google.android.apps.nexuslauncher;APP_CLOSE
3481;1767542562312;1;com.android.chrome;APP_OPEN
3482;1767542656399;1;com.google.android.apps.nexuslauncher;APP_OPEN
3483;1767542656592;2;com.google.android.apps.nexuslauncher;APP_CLOSE
3484;1767543176927;1;com.google.android.apps.nexuslauncher;APP_OPEN
3485;1767543177971;2;com.android.chrome;APP_CLOSE
3486;1767543189800;16;android;SCREEN_OFF
3487;1767543190333;2;com.google.android.apps.nexuslauncher;APP_CLOSE
3488;1767543190491;17;android;LOCK
3489;1767543211627;15;android;SCREEN_ON
3490;1767543221629;16;android;SCREEN_OFF
3491;1767543750453;15;android;SCREEN_ON
3492;1767543752178;1;com.google.android.apps.nexuslauncher;APP_OPEN
3493;1767543752635;18;android;UNLOCK
3494;1767543754785;2;com.google.android.apps.nexuslauncher;APP_CLOSE
3495;1767543754790;1;com.whatsapp;APP_OPEN
3496;1767543764735;2;com.whatsapp;APP_CLOSE
3497;1767543764737;1;com.whatsapp;APP_OPEN
3498;1767543771058;2;com.whatsapp;APP_CLOSE
3499;1767543771061;1;com.whatsapp;APP_OPEN
3500;1767543771940;2;com.whatsapp;APP_CLOSE
3501;1767543771941;1;com.whatsapp;APP_OPEN
3502;1767543776166;2;com.whatsapp;APP_CLOSE
3503;1767543776168;1;com.whatsapp;APP_OPEN
3504;1767543776948;2;com.whatsapp;APP_CLOSE
3505;1767543776950;1;com.whatsapp;APP_OPEN
3506;1767543777276;1;com.google.android.apps.nexuslauncher;APP_OPEN
3507;1767543777723;2;com.whatsapp;APP_CLOSE
3508;1767543777725;1;com.android.chrome;APP_OPEN
3509;1767543778152;2;com.android.chrome;APP_CLOSE
3510;1767543780053;2;com.google.android.apps.nexuslauncher;APP_CLOSE
3511;1767543780055;1;com.android.chrome;APP_OPEN
3512;1767543783038;1;com.google.android.apps.nexuslauncher;APP_OPEN
3513;1767543783311;2;com.android.chrome;APP_CLOSE
3514;1767543784941;2;com.google.android.apps.nexuslauncher;APP_CLOSE
3515;1767543784948;1;com.snapchat.android;APP_OPEN
3516;1767543805040;1;com.google.android.apps.nexuslauncher;APP_OPEN
3517;1767543805648;2;com.snapchat.android;APP_CLOSE
3518;1767543805649;1;com.android.chrome;APP_OPEN
3519;1767543805678;2;com.google.android.apps.nexuslauncher;APP_CLOSE
3520;1767543805782;1;com.google.android.apps.nexuslauncher;APP_OPEN
3521;1767543807226;2;com.android.chrome;APP_CLOSE
3522;1767543808125;16;android;SCREEN_OFF
3523;1767543808632;2;com.google.android.apps.nexuslauncher;APP_CLOSE
3524;1767543808813;17;android;LOCK
3525;1767543846398;15;android;SCREEN_ON
3526;1767543856399;16;android;SCREEN_OFF
3527;1767544548652;15;android;SCREEN_ON
3528;1767544558653;16;android;SCREEN_OFF
3529;1767544869732;15;android;SCREEN_ON
3530;1767544873130;1;com.google.android.apps.nexuslauncher;APP_OPEN
3531;1767544873536;18;android;UNLOCK
3532;1767544874732;2;com.google.android.apps.nexuslauncher;APP_CLOSE
3533;1767544874741;1;com.whatsapp;APP_OPEN
3534;1767544876297;2;com.whatsapp;APP_CLOSE
3535;1767544876297;1;com.whatsapp;APP_OPEN
3536;1767544884563;2;com.whatsapp;APP_CLOSE
3537;1767544884567;1;com.whatsapp;APP_OPEN
3538;1767544898123;2;com.whatsapp;APP_CLOSE
3539;1767544898123;1;com.whatsapp;APP_OPEN
3540;1767544899704;1;com.google.android.apps.nexuslauncher;APP_OPEN
3541;1767544900197;2;com.whatsapp;APP_CLOSE
3542;1767544900198;1;com.android.chrome;APP_OPEN
3543;1767544900240;2;com.google.android.apps.nexuslauncher;APP_CLOSE
3544;1767544900524;1;com.google.android.apps.nexuslauncher;APP_OPEN
3545;1767544900825;2;com.android.chrome;APP_CLOSE
3546;1767544901550;2;com.google.android.apps.nexuslauncher;APP_CLOSE
3547;1767544901766;1;com.snapchat.android;APP_OPEN
3548;1767544960665;1;com.google.android.apps.nexuslauncher;APP_OPEN
3549;1767544963114;2;com.snapchat.android;APP_CLOSE
3550;1767544963285;2;com.google.android.apps.nexuslauncher;APP_CLOSE
3551;1767544963287;1;com.whatsapp;APP_OPEN
3552;1767544964171;1;com.google.android.apps.nexuslauncher;APP_OPEN
3553;1767544964658;2;com.whatsapp;APP_CLOSE
3554;1767544964659;1;com.android.chrome;APP_OPEN
3555;1767544964689;2;com.google.android.apps.nexuslauncher;APP_CLOSE
3556;1767544964895;1;com.google.android.apps.nexuslauncher;APP_OPEN
3557;1767544965923;2;com.android.chrome;APP_CLOSE
3558;1767544966609;16;android;SCREEN_OFF
3559;1767544967082;2;com.google.android.apps.nexuslauncher;APP_CLOSE
3560;1767544967242;17;android;LOCK
3561;1767545170431;15;android;SCREEN_ON
3562;1767545180432;16;android;SCREEN_OFF
3563;1767545456101;15;android;SCREEN_ON
3564;1767545457282;1;com.google.android.apps.nexuslauncher;APP_OPEN
3565;1767545457719;18;android;UNLOCK
3566;1767545577531;16;android;SCREEN_OFF
3567;1767545578076;2;com.google.android.apps.nexuslauncher;APP_CLOSE
3568;1767545582633;17;android;LOCK
3569;1767547910562;15;android;SCREEN_ON
3570;1767547924337;16;android;SCREEN_OFF
3571;1767548514018;15;android;SCREEN_ON
3572;1767548519361;1;com.google.android.apps.nexuslauncher;APP_OPEN
3573;1767548519792;18;android;UNLOCK
3574;1767548521917;2;com.google.android.apps.nexuslauncher;APP_CLOSE
3575;1767548521918;1;com.whatsapp;APP_OPEN
3576;1767548524098;1;com.google.android.apps.nexuslauncher;APP_OPEN
3577;1767548524576;2;com.whatsapp;APP_CLOSE
3578;1767548525153;2;com.google.android.apps.nexuslauncher;APP_CLOSE
3579;1767548525154;1;com.whatsapp;APP_OPEN
3580;1767548525934;2;com.whatsapp;APP_CLOSE
3581;1767548525937;1;com.whatsapp;APP_OPEN
3582;1767548543005;2;com.whatsapp;APP_CLOSE
3583;1767548543007;1;com.whatsapp;APP_OPEN
3584;1767548548934;1;com.google.android.apps.nexuslauncher;APP_OPEN
3585;1767548549477;2;com.whatsapp;APP_CLOSE
3586;1767548551339;16;android;SCREEN_OFF
3587;1767548551851;2;com.google.android.apps.nexuslauncher;APP_CLOSE
3588;1767548552027;17;android;LOCK
3589;1767549361477;15;android;SCREEN_ON
3590;1767549363485;1;com.google.android.apps.nexuslauncher;APP_OPEN
3591;1767549363906;18;android;UNLOCK
3592;1767549366123;2;com.google.android.apps.nexuslauncher;APP_CLOSE
3593;1767549366125;1;com.whatsapp;APP_OPEN
3594;1767549374672;2;com.whatsapp;APP_CLOSE
3595;1767549374672;1;com.whatsapp;APP_OPEN
3596;1767549502436;2;com.whatsapp;APP_CLOSE
3597;1767549502438;1;com.whatsapp;APP_OPEN
3598;1767549545520;2;com.whatsapp;APP_CLOSE
3599;1767549545525;1;com.whatsapp;APP_OPEN
3600;1767549547555;2;com.whatsapp;APP_CLOSE
3601;1767549547556;1;com.whatsapp;APP_OPEN
3602;1767549547594;2;com.whatsapp;APP_CLOSE
3603;1767549547595;1;com.whatsapp;APP_OPEN
3604;1767549549272;2;com.whatsapp;APP_CLOSE
3605;1767549549275;1;com.whatsapp;APP_OPEN
3606;1767549550502;2;com.whatsapp;APP_CLOSE
3607;1767549550503;1;com.whatsapp;APP_OPEN
3608;1767549552578;2;com.whatsapp;APP_CLOSE
3609;1767549552581;1;com.whatsapp;APP_OPEN
3610;1767549553951;1;com.google.android.apps.nexuslauncher;APP_OPEN
3611;1767549554535;2;com.whatsapp;APP_CLOSE
3612;1767549554966;16;android;SCREEN_OFF
3613;1767549555469;2;com.google.android.apps.nexuslauncher;APP_CLOSE
3614;1767549555620;17;android;LOCK
3615;1767549620642;15;android;SCREEN_ON
3616;1767549622049;1;com.google.android.apps.nexuslauncher;APP_OPEN
3617;1767549622465;18;android;UNLOCK
3618;1767549631302;2;com.google.android.apps.nexuslauncher;APP_CLOSE
3619;1767549631307;1;com.whatsapp;APP_OPEN
3620;1767549632690;2;com.whatsapp;APP_CLOSE
3621;1767549632691;1;com.whatsapp;APP_OPEN
3622;1767549634179;2;com.whatsapp;APP_CLOSE
3623;1767549634186;1;com.google.android.apps.nexuslauncher;APP_OPEN
3624;1767549639120;2;com.google.android.apps.nexuslauncher;APP_CLOSE
3625;1767549639127;1;com.whatsapp;APP_OPEN
3626;1767549639151;2;com.whatsapp;APP_CLOSE
3627;1767549639153;1;com.whatsapp;APP_OPEN
3628;1767549641081;2;com.whatsapp;APP_CLOSE
3629;1767549641083;1;com.whatsapp;APP_OPEN
3630;1767549644513;2;com.whatsapp;APP_CLOSE
3631;1767549644515;1;com.whatsapp;APP_OPEN
3632;1767549648636;2;com.whatsapp;APP_CLOSE
3633;1767549648637;1;com.whatsapp;APP_OPEN
3634;1767549663683;2;com.whatsapp;APP_CLOSE
3635;1767549663685;1;com.whatsapp;APP_OPEN
3636;1767549665136;2;com.whatsapp;APP_CLOSE
3637;1767549665139;1;com.whatsapp;APP_OPEN
3638;1767549668509;2;com.whatsapp;APP_CLOSE
3639;1767549668512;1;com.whatsapp;APP_OPEN
3640;1767549673158;1;com.google.android.apps.nexuslauncher;APP_OPEN
3641;1767549673703;2;com.whatsapp;APP_CLOSE
3642;1767549674529;16;android;SCREEN_OFF
3643;1767549675033;2;com.google.android.apps.nexuslauncher;APP_CLOSE
3644;1767549675188;17;android;LOCK
3645;1767549733418;15;android;SCREEN_ON
3646;1767549739204;1;com.google.android.apps.nexuslauncher;APP_OPEN
3647;1767549739621;18;android;UNLOCK
3648;1767549741337;2;com.google.android.apps.nexuslauncher;APP_CLOSE
3649;1767549741338;1;com.whatsapp;APP_OPEN
3650;1767549825717;2;com.whatsapp;APP_CLOSE
3651;1767549825718;1;com.whatsapp;APP_OPEN
3652;1767549832972;1;com.google.android.apps.nexuslauncher;APP_OPEN
3653;1767549833548;2;com.whatsapp;APP_CLOSE
3654;1767549835218;16;android;SCREEN_OFF
3655;1767549835726;2;com.google.android.apps.nexuslauncher;APP_CLOSE
3656;1767549835886;17;android;LOCK
3657;1767549907891;15;android;SCREEN_ON
3658;1767549917891;16;android;SCREEN_OFF
3659;1767549943385;15;android;SCREEN_ON
3660;1767549946520;1;com.google.android.apps.nexuslauncher;APP_OPEN
3661;1767549946954;18;android;UNLOCK
3662;1767549947849;2;com.google.android.apps.nexuslauncher;APP_CLOSE
3663;1767549947856;1;com.whatsapp;APP_OPEN
3664;1767550006590;2;com.whatsapp;APP_CLOSE
3665;1767550006592;1;com.whatsapp;APP_OPEN
3666;1767550011821;2;com.whatsapp;APP_CLOSE
3667;1767550011821;1;com.whatsapp;APP_OPEN
3668;1767550030809;2;com.whatsapp;APP_CLOSE
3669;1767550030811;1;com.whatsapp;APP_OPEN
3670;1767550030835;2;com.whatsapp;APP_CLOSE
3671;1767550030836;1;com.whatsapp;APP_OPEN
3672;1767550031398;2;com.whatsapp;APP_CLOSE
3673;1767550031399;1;com.whatsapp;APP_OPEN
3674;1767550032504;1;com.google.android.apps.nexuslauncher;APP_OPEN
3675;1767550033043;2;com.whatsapp;APP_CLOSE
3676;1767550054682;2;com.google.android.apps.nexuslauncher;APP_CLOSE
3677;1767550054687;1;com.whatsapp;APP_OPEN
3678;1767550085833;2;com.whatsapp;APP_CLOSE
3679;1767550085834;1;com.whatsapp;APP_OPEN
3680;1767550086720;2;com.whatsapp;APP_CLOSE
3681;1767550086722;1;com.whatsapp;APP_OPEN
3682;1767550087582;2;com.whatsapp;APP_CLOSE
3683;1767550087585;1;com.whatsapp;APP_OPEN
3684;1767550088365;2;com.whatsapp;APP_CLOSE
3685;1767550088368;1;com.whatsapp;APP_OPEN
3686;1767550089164;2;com.whatsapp;APP_CLOSE
3687;1767550089167;1;com.whatsapp;APP_OPEN
3688;1767550092970;2;com.whatsapp;APP_CLOSE
3689;1767550092973;1;com.whatsapp;APP_OPEN
3690;1767550095907;2;com.whatsapp;APP_CLOSE
3691;1767550095908;1;com.whatsapp;APP_OPEN
3692;1767550111599;2;com.whatsapp;APP_CLOSE
3693;1767550111601;1;com.whatsapp;APP_OPEN
3694;1767550113919;2;com.whatsapp;APP_CLOSE
3695;1767550113920;1;com.whatsapp;APP_OPEN
3696;1767550116667;2;com.whatsapp;APP_CLOSE
3697;1767550116671;1;com.whatsapp;APP_OPEN
3698;1767550119335;2;com.whatsapp;APP_CLOSE
3699;1767550119337;1;com.whatsapp;APP_OPEN
3700;1767550121287;2;com.whatsapp;APP_CLOSE
3701;1767550121289;1;com.whatsapp;APP_OPEN
3702;1767550125085;2;com.whatsapp;APP_CLOSE
3703;1767550125086;1;com.whatsapp;APP_OPEN
3704;1767550127075;1;com.google.android.apps.nexuslauncher;APP_OPEN
3705;1767550127632;2;com.whatsapp;APP_CLOSE
3706;1767550128526;16;android;SCREEN_OFF
3707;1767550129022;2;com.google.android.apps.nexuslauncher;APP_CLOSE
3708;1767550129192;17;android;LOCK
3709;1767550155486;15;android;SCREEN_ON
3710;1767550170630;16;android;SCREEN_OFF
3711;1767550201454;15;android;SCREEN_ON
3712;1767550204022;1;com.google.android.apps.nexuslauncher;APP_OPEN
3713;1767550204435;18;android;UNLOCK
3714;1767550206297;2;com.google.android.apps.nexuslauncher;APP_CLOSE
3715;1767550206301;1;com.whatsapp;APP_OPEN
3716;1767550251383;2;com.whatsapp;APP_CLOSE
3717;1767550251383;1;com.whatsapp;APP_OPEN
3718;1767550257857;2;com.whatsapp;APP_CLOSE
3719;1767550257860;1;com.whatsapp;APP_OPEN
3720;1767550259323;2;com.whatsapp;APP_CLOSE
3721;1767550259325;1;com.whatsapp;APP_OPEN
3722;1767550265397;2;com.whatsapp;APP_CLOSE
3723;1767550265398;1;com.whatsapp;APP_OPEN
3724;1767550269565;2;com.whatsapp;APP_CLOSE
3725;1767550269568;1;com.whatsapp;APP_OPEN
3726;1767550271206;2;com.whatsapp;APP_CLOSE
3727;1767550271208;1;com.whatsapp;APP_OPEN
3728;1767550272330;2;com.whatsapp;APP_CLOSE
3729;1767550272334;1;com.whatsapp;APP_OPEN
3730;1767550275676;1;com.google.android.apps.nexuslauncher;APP_OPEN
3731;1767550276217;2;com.whatsapp;APP_CLOSE
3732;1767550276494;16;android;SCREEN_OFF
3733;1767550276985;2;com.google.android.apps.nexuslauncher;APP_CLOSE
3734;1767550277153;17;android;LOCK
3735;1767550635342;15;android;SCREEN_ON
3736;1767550638901;1;com.google.android.apps.nexuslauncher;APP_OPEN
3737;1767550639316;18;android;UNLOCK
3738;1767550641372;2;com.google.android.apps.nexuslauncher;APP_CLOSE
3739;1767550641373;1;com.whatsapp;APP_OPEN
3740;1767550648113;1;com.google.android.apps.nexuslauncher;APP_OPEN
3741;1767550648709;2;com.whatsapp;APP_CLOSE
3742;1767550649095;16;android;SCREEN_OFF
3743;1767550649591;2;com.google.android.apps.nexuslauncher;APP_CLOSE
3744;1767550649752;17;android;LOCK
3745;1767551151772;15;android;SCREEN_ON
3746;1767551162068;16;android;SCREEN_OFF
3747;1767551429575;15;android;SCREEN_ON
3748;1767551430990;16;android;SCREEN_OFF
3749;1767552169569;15;android;SCREEN_ON
3750;1767552174192;1;com.google.android.apps.nexuslauncher;APP_OPEN
3751;1767552174606;18;android;UNLOCK
3752;1767552186117;2;com.google.android.apps.nexuslauncher;APP_CLOSE
3753;1767552186122;1;com.whatsapp;APP_OPEN
3754;1767552221946;1;com.google.android.apps.nexuslauncher;APP_OPEN
3755;1767552222505;2;com.whatsapp;APP_CLOSE
3756;1767552342026;16;android;SCREEN_OFF
3757;1767552342563;2;com.google.android.apps.nexuslauncher;APP_CLOSE
3758;1767552347573;17;android;LOCK
3759;1767552393691;15;android;SCREEN_ON
3760;1767552397602;1;com.google.android.apps.nexuslauncher;APP_OPEN
3761;1767552398038;18;android;UNLOCK
3762;1767552400354;2;com.google.android.apps.nexuslauncher;APP_CLOSE
3763;1767552400356;1;com.whatsapp;APP_OPEN
3764;1767552476533;2;com.whatsapp;APP_CLOSE
3765;1767552476533;1;com.whatsapp;APP_OPEN
3766;1767552481677;2;com.whatsapp;APP_CLOSE
3767;1767552481681;1;com.whatsapp;APP_OPEN
3768;1767552482708;2;com.whatsapp;APP_CLOSE
3769;1767552482712;1;com.whatsapp;APP_OPEN
3770;1767552483113;1;com.google.android.apps.nexuslauncher;APP_OPEN
3771;1767552483695;2;com.whatsapp;APP_CLOSE
3772;1767552484743;16;android;SCREEN_OFF
3773;1767552485251;2;com.google.android.apps.nexuslauncher;APP_CLOSE
3774;1767552485410;17;android;LOCK
3775;1767552549427;15;android;SCREEN_ON
3776;1767552561414;16;android;SCREEN_OFF
3777;1767552574646;15;android;SCREEN_ON
3778;1767552577737;1;com.google.android.apps.nexuslauncher;APP_OPEN
3779;1767552578164;18;android;UNLOCK
3780;1767552600703;2;com.google.android.apps.nexuslauncher;APP_CLOSE
3781;1767552600705;1;com.google.android.apps.bard;APP_OPEN
3782;1767552600770;2;com.google.android.apps.bard;APP_CLOSE
3783;1767552600771;1;com.google.android.googlequicksearchbox;APP_OPEN
3784;1767552600856;2;com.google.android.googlequicksearchbox;APP_CLOSE
3785;1767552600861;1;com.google.android.googlequicksearchbox;APP_OPEN
3786;1767553040613;1;com.google.android.apps.nexuslauncher;APP_OPEN
3787;1767553040857;2;com.google.android.googlequicksearchbox;APP_CLOSE
3788;1767553043752;16;android;SCREEN_OFF
3789;1767553044244;2;com.google.android.apps.nexuslauncher;APP_CLOSE
3790;1767553044411;17;android;LOCK
3791;1767553506689;15;android;SCREEN_ON
3792;1767553517731;16;android;SCREEN_OFF
3793;1767553565205;15;android;SCREEN_ON
3794;1767553576722;1;com.google.android.apps.nexuslauncher;APP_OPEN
3795;1767553577153;18;android;UNLOCK
3796;1767553577649;2;com.google.android.apps.nexuslauncher;APP_CLOSE
3797;1767553577650;1;com.android.chrome;APP_OPEN
3798;1767553645250;1;com.google.android.apps.nexuslauncher;APP_OPEN
3799;1767553645911;2;com.android.chrome;APP_CLOSE
3800;1767553645912;1;com.google.android.googlequicksearchbox;APP_OPEN
3801;1767553645945;2;com.google.android.apps.nexuslauncher;APP_CLOSE
3802;1767553646718;1;com.google.android.apps.nexuslauncher;APP_OPEN
3803;1767553647301;2;com.google.android.googlequicksearchbox;APP_CLOSE
3804;1767553648750;16;android;SCREEN_OFF
3805;1767553649263;2;com.google.android.apps.nexuslauncher;APP_CLOSE
3806;1767553649417;17;android;LOCK
3807;1767554716357;15;android;SCREEN_ON
3808;1767554717838;16;android;SCREEN_OFF
3809;1767554763856;15;android;SCREEN_ON
3810;1767554763857;1;com.google.android.googlequicksearchbox;APP_OPEN
3811;1767554763874;2;com.google.android.googlequicksearchbox;APP_CLOSE
3812;1767554763875;1;com.google.android.googlequicksearchbox;APP_OPEN
3813;1767554890424;16;android;SCREEN_OFF
3814;1767554890957;2;com.google.android.googlequicksearchbox;APP_CLOSE
3815;1767556165145;15;android;SCREEN_ON
3816;1767556170608;16;android;SCREEN_OFF
3817;1767556911733;15;android;SCREEN_ON
3818;1767556913880;16;android;SCREEN_OFF
3819;1767557919832;15;android;SCREEN_ON
3820;1767557925544;16;android;SCREEN_OFF
3821;1767559116984;15;android;SCREEN_ON
3822;1767559119956;1;com.google.android.apps.nexuslauncher;APP_OPEN
3823;1767559120395;18;android;UNLOCK
3824;1767559122633;16;android;SCREEN_OFF
3825;1767559123130;2;com.google.android.apps.nexuslauncher;APP_CLOSE
3826;1767559123306;17;android;LOCK
3827;1767559939347;15;android;SCREEN_ON
3828;1767559944959;16;android;SCREEN_OFF
3829;1767560346439;15;android;SCREEN_ON
3830;1767560346457;1;com.whatsapp;APP_OPEN
3831;1767560346586;2;com.whatsapp;APP_CLOSE
3832;1767560346588;1;com.whatsapp;APP_OPEN
3833;1767560418192;2;com.whatsapp;APP_CLOSE
3834;1767560418345;1;com.google.android.apps.nexuslauncher;APP_OPEN
3835;1767560418373;2;com.google.android.apps.nexuslauncher;APP_CLOSE
3836;1767560420520;16;android;SCREEN_OFF
3837;1767561628152;15;android;SCREEN_ON
3838;1767561631401;1;com.google.android.apps.nexuslauncher;APP_OPEN
3839;1767561631849;18;android;UNLOCK
3840;1767561634007;2;com.google.android.apps.nexuslauncher;APP_CLOSE
3841;1767561634016;1;com.whatsapp;APP_OPEN
3842;1767561639906;1;com.google.android.apps.nexuslauncher;APP_OPEN
3843;1767561640365;2;com.google.android.apps.nexuslauncher;APP_CLOSE
3844;1767561647394;2;com.whatsapp;APP_CLOSE
3845;1767561647395;1;com.whatsapp;APP_OPEN
3846;1767561649078;1;com.google.android.apps.nexuslauncher;APP_OPEN
3847;1767561649403;2;com.whatsapp;APP_CLOSE
3848;1767561650541;16;android;SCREEN_OFF
3849;1767561651029;2;com.google.android.apps.nexuslauncher;APP_CLOSE
3850;1767561651214;17;android;LOCK
3851;1767562313823;15;android;SCREEN_ON
3852;1767562316246;1;com.google.android.apps.nexuslauncher;APP_OPEN
3853;1767562316655;18;android;UNLOCK
3854;1767562317842;2;com.google.android.apps.nexuslauncher;APP_CLOSE
3855;1767562317847;1;com.whatsapp;APP_OPEN
3856;1767562318738;2;com.whatsapp;APP_CLOSE
3857;1767562318740;1;com.whatsapp;APP_OPEN
3858;1767562326417;2;com.whatsapp;APP_CLOSE
3859;1767562326421;1;com.whatsapp;APP_OPEN
3860;1767562328637;2;com.whatsapp;APP_CLOSE
3861;1767562328642;1;com.whatsapp;APP_OPEN
3862;1767562329602;2;com.whatsapp;APP_CLOSE
3863;1767562329604;1;com.whatsapp;APP_OPEN
3864;1767562332082;2;com.whatsapp;APP_CLOSE
3865;1767562332085;1;com.whatsapp;APP_OPEN
3866;1767562334343;2;com.whatsapp;APP_CLOSE
3867;1767562334345;1;com.whatsapp;APP_OPEN
3868;1767562334380;2;com.whatsapp;APP_CLOSE
3869;1767562334382;1;com.whatsapp;APP_OPEN
3870;1767562365454;2;com.whatsapp;APP_CLOSE
3871;1767562365457;1;com.whatsapp;APP_OPEN
3872;1767562366878;2;com.whatsapp;APP_CLOSE
3873;1767562366887;1;com.whatsapp;APP_OPEN
3874;1767562369300;2;com.whatsapp;APP_CLOSE
3875;1767562369302;1;com.whatsapp;APP_OPEN
3876;1767562372823;2;com.whatsapp;APP_CLOSE
3877;1767562372834;1;com.whatsapp;APP_OPEN
3878;1767562381046;2;com.whatsapp;APP_CLOSE
3879;1767562381047;1;com.whatsapp;APP_OPEN
3880;1767562381082;2;com.whatsapp;APP_CLOSE
3881;1767562381082;1;com.whatsapp;APP_OPEN
3882;1767562385180;2;com.whatsapp;APP_CLOSE
3883;1767562385181;1;com.whatsapp;APP_OPEN
3884;1767562386124;2;com.whatsapp;APP_CLOSE
3885;1767562386126;1;com.whatsapp;APP_OPEN
3886;1767562399585;2;com.whatsapp;APP_CLOSE
3887;1767562399588;1;com.whatsapp;APP_OPEN
3888;1767562403806;2;com.whatsapp;APP_CLOSE
3889;1767562403808;1;com.whatsapp;APP_OPEN
3890;1767562404694;1;com.google.android.apps.nexuslauncher;APP_OPEN
3891;1767562404868;2;com.whatsapp;APP_CLOSE
3892;1767562408891;16;android;SCREEN_OFF
3893;1767562409418;2;com.google.android.apps.nexuslauncher;APP_CLOSE
3894;1767562409579;17;android;LOCK
3895;1767562744283;15;android;SCREEN_ON
3896;1767562746697;1;com.google.android.apps.nexuslauncher;APP_OPEN
3897;1767562747112;18;android;UNLOCK
3898;1767562748324;2;com.google.android.apps.nexuslauncher;APP_CLOSE
3899;1767562748330;1;com.whatsapp;APP_OPEN
3900;1767562752109;2;com.whatsapp;APP_CLOSE
3901;1767562752112;1;com.whatsapp;APP_OPEN
3902;1767562756981;1;com.google.android.apps.nexuslauncher;APP_OPEN
3903;1767562757571;2;com.whatsapp;APP_CLOSE
3904;1767562759577;2;com.google.android.apps.nexuslauncher;APP_CLOSE
3905;1767562759579;1;com.whatsapp;APP_OPEN
3906;1767562760978;1;com.google.android.apps.nexuslauncher;APP_OPEN
3907;1767562762737;2;com.google.android.apps.nexuslauncher;APP_CLOSE
3908;1767562762802;1;com.google.android.apps.nexuslauncher;APP_OPEN
3909;1767562763192;2;com.whatsapp;APP_CLOSE
3910;1767562765795;2;com.google.android.apps.nexuslauncher;APP_CLOSE
3911;1767562765797;1;com.whatsapp;APP_OPEN
3912;1767562770651;2;com.whatsapp;APP_CLOSE
3913;1767562770653;1;com.whatsapp;APP_OPEN
3914;1767562795998;2;com.whatsapp;APP_CLOSE
3915;1767562795998;1;com.whatsapp;APP_OPEN
3916;1767562798518;2;com.whatsapp;APP_CLOSE
3917;1767562798520;1;com.whatsapp;APP_OPEN
3918;1767562804334;2;com.whatsapp;APP_CLOSE
3919;1767562804336;1;com.whatsapp;APP_OPEN
3920;1767562804906;1;com.google.android.apps.nexuslauncher;APP_OPEN
3921;1767562805452;2;com.whatsapp;APP_CLOSE
3922;1767562806228;16;android;SCREEN_OFF
3923;1767562806761;2;com.google.android.apps.nexuslauncher;APP_CLOSE
3924;1767562806897;17;android;LOCK
3925;1767563035413;15;android;SCREEN_ON
3926;1767563035420;1;com.whatsapp;APP_OPEN
3927;1767563035502;2;com.whatsapp;APP_CLOSE
3928;1767563035502;1;com.whatsapp;APP_OPEN
3929;1767563095683;2;com.whatsapp;APP_CLOSE
3930;1767563095684;1;com.google.android.apps.nexuslauncher;APP_OPEN
3931;1767563095703;2;com.google.android.apps.nexuslauncher;APP_CLOSE
3932;1767563099170;16;android;SCREEN_OFF
3933;1767563102240;15;android;SCREEN_ON
3934;1767563103226;16;android;SCREEN_OFF
3935;1767563714124;15;android;SCREEN_ON
3936;1767563715334;16;android;SCREEN_OFF
3937;1767565455373;15;android;SCREEN_ON
3938;1767565459214;16;android;SCREEN_OFF
3939;1767566858244;15;android;SCREEN_ON
3940;1767566861435;1;com.google.android.apps.nexuslauncher;APP_OPEN
3941;1767566861863;18;android;UNLOCK
3942;1767566869397;2;com.google.android.apps.nexuslauncher;APP_CLOSE
3943;1767566869402;1;com.google.android.GoogleCamera;APP_OPEN
3944;1767566881118;2;com.google.android.GoogleCamera;APP_CLOSE
3945;1767566881129;1;com.google.android.apps.photos;APP_OPEN
3946;1767566884809;1;com.google.android.apps.nexuslauncher;APP_OPEN
3947;1767566885065;2;com.google.android.apps.photos;APP_CLOSE
3948;1767566888687;16;android;SCREEN_OFF
3949;1767566889192;2;com.google.android.apps.nexuslauncher;APP_CLOSE
3950;1767566889358;17;android;LOCK
3951;1767568544639;15;android;SCREEN_ON
3952;1767568551792;16;android;SCREEN_OFF
3953;1767568552727;15;android;SCREEN_ON
3954;1767568562724;16;android;SCREEN_OFF
3955;1767568670377;15;android;SCREEN_ON
3956;1767568672320;1;com.google.android.apps.nexuslauncher;APP_OPEN
3957;1767568672751;18;android;UNLOCK
3958;1767568673745;2;com.google.android.apps.nexuslauncher;APP_CLOSE
3959;1767568673746;1;com.whatsapp;APP_OPEN
3960;1767568674661;2;com.whatsapp;APP_CLOSE
3961;1767568674664;1;com.whatsapp;APP_OPEN
3962;1767568675712;2;com.whatsapp;APP_CLOSE
3963;1767568675717;1;com.whatsapp;APP_OPEN
3964;1767568681167;2;com.whatsapp;APP_CLOSE
3965;1767568681171;1;com.whatsapp;APP_OPEN
3966;1767568736749;2;com.whatsapp;APP_CLOSE
3967;1767568736750;1;com.whatsapp;APP_OPEN
3968;1767568739019;2;com.whatsapp;APP_CLOSE
3969;1767568739021;1;com.whatsapp;APP_OPEN
3970;1767568740816;1;com.google.android.apps.nexuslauncher;APP_OPEN
3971;1767568741346;2;com.whatsapp;APP_CLOSE
3972;1767568743519;16;android;SCREEN_OFF
3973;1767568744074;2;com.google.android.apps.nexuslauncher;APP_CLOSE
3974;1767568744242;17;android;LOCK
3975;1767568843586;15;android;SCREEN_ON
3976;1767568853575;16;android;SCREEN_OFF
3977;1767568998525;15;android;SCREEN_ON
3978;1767569003744;1;com.google.android.apps.nexuslauncher;APP_OPEN
3979;1767569004175;18;android;UNLOCK
3980;1767569005462;2;com.google.android.apps.nexuslauncher;APP_CLOSE
3981;1767569005463;1;com.whatsapp;APP_OPEN
3982;1767569070480;2;com.whatsapp;APP_CLOSE
3983;1767569070481;1;com.whatsapp;APP_OPEN
3984;1767569075613;2;com.whatsapp;APP_CLOSE
3985;1767569075616;1;com.whatsapp;APP_OPEN
3986;1767569076659;2;com.whatsapp;APP_CLOSE
3987;1767569076665;1;com.whatsapp;APP_OPEN
3988;1767569078231;2;com.whatsapp;APP_CLOSE
3989;1767569078235;1;com.whatsapp;APP_OPEN
3990;1767569084921;2;com.whatsapp;APP_CLOSE
3991;1767569084923;1;com.whatsapp;APP_OPEN
3992;1767569084956;2;com.whatsapp;APP_CLOSE
3993;1767569084957;1;com.whatsapp;APP_OPEN
3994;1767569090917;2;com.whatsapp;APP_CLOSE
3995;1767569090918;1;com.whatsapp;APP_OPEN
3996;1767569098822;1;com.google.android.apps.nexuslauncher;APP_OPEN
3997;1767569099410;2;com.whatsapp;APP_CLOSE
3998;1767569102171;2;com.google.android.apps.nexuslauncher;APP_CLOSE
3999;1767569102173;1;com.google.android.apps.nexuslauncher;APP_OPEN
4000;1767569102189;2;com.google.android.apps.nexuslauncher;APP_CLOSE
4001;1767569102190;1;com.google.android.googlequicksearchbox;APP_OPEN
4002;1767569102363;2;com.google.android.googlequicksearchbox;APP_CLOSE
4003;1767569102366;1;com.google.android.googlequicksearchbox;APP_OPEN
4004;1767569221634;1;com.google.android.apps.nexuslauncher;APP_OPEN
4005;1767569222057;2;com.google.android.googlequicksearchbox;APP_CLOSE
4006;1767569228310;2;com.google.android.apps.nexuslauncher;APP_CLOSE
4007;1767569228311;1;com.google.android.apps.bard;APP_OPEN
4008;1767569228352;2;com.google.android.apps.bard;APP_CLOSE
4009;1767569228353;1;com.google.android.googlequicksearchbox;APP_OPEN
4010;1767569228434;2;com.google.android.googlequicksearchbox;APP_CLOSE
4011;1767569228436;1;com.google.android.googlequicksearchbox;APP_OPEN
4012;1767569232336;2;com.google.android.googlequicksearchbox;APP_CLOSE
4013;1767569232339;1;com.google.android.googlequicksearchbox;APP_OPEN
4014;1767569298737;2;com.google.android.googlequicksearchbox;APP_CLOSE
4015;1767569298739;1;com.google.android.googlequicksearchbox;APP_OPEN
4016;1767569404438;1;com.google.android.apps.nexuslauncher;APP_OPEN
4017;1767569405093;2;com.google.android.googlequicksearchbox;APP_CLOSE
4018;1767569405095;1;com.google.android.googlequicksearchbox;APP_OPEN
4019;1767569405128;2;com.google.android.apps.nexuslauncher;APP_CLOSE
4020;1767569405665;2;com.google.android.googlequicksearchbox;APP_CLOSE
4021;1767569405666;1;com.google.android.apps.nexuslauncher;APP_OPEN
4022;1767569405698;2;com.google.android.apps.nexuslauncher;APP_CLOSE
4023;1767569405699;1;com.google.android.apps.nexuslauncher;APP_OPEN
4024;1767569423031;16;android;SCREEN_OFF
4025;1767569423536;2;com.google.android.apps.nexuslauncher;APP_CLOSE
4026;1767569423704;17;android;LOCK
4027;1767570629244;15;android;SCREEN_ON
4028;1767570633588;16;android;SCREEN_OFF
4029;1767573204452;15;android;SCREEN_ON
4030;1767573214452;16;android;SCREEN_OFF
4031;1767574020681;15;android;SCREEN_ON
4032;1767574031151;16;android;SCREEN_OFF
4033;1767574966696;15;android;SCREEN_ON
4034;1767574976698;16;android;SCREEN_OFF
4035;1767575106625;15;android;SCREEN_ON
4036;1767575115406;16;android;SCREEN_OFF
4037;1767575116253;15;android;SCREEN_ON
4038;1767575126542;16;android;SCREEN_OFF
4039;1767575284996;15;android;SCREEN_ON
4040;1767575294994;16;android;SCREEN_OFF
4041;1767588390400;15;android;SCREEN_ON
4042;1767588400403;16;android;SCREEN_OFF
4043;1767595541846;15;android;SCREEN_ON
4044;1767595551850;16;android;SCREEN_OFF
4045;1767603542808;15;android;SCREEN_ON
4046;1767603547116;1;com.google.android.apps.nexuslauncher;APP_OPEN
4047;1767603547561;18;android;UNLOCK
4048;1767603573600;2;com.google.android.apps.nexuslauncher;APP_CLOSE
4049;1767603573604;1;com.whatsapp;APP_OPEN
4050;1767603590346;2;com.whatsapp;APP_CLOSE
4051;1767603590347;1;com.whatsapp;APP_OPEN
4052;1767603594148;2;com.whatsapp;APP_CLOSE
4053;1767603594150;1;com.whatsapp;APP_OPEN
4054;1767603600274;2;com.whatsapp;APP_CLOSE
4055;1767603600274;1;com.whatsapp;APP_OPEN
4056;1767603603481;2;com.whatsapp;APP_CLOSE
4057;1767603603484;1;com.whatsapp;APP_OPEN
4058;1767603614967;2;com.whatsapp;APP_CLOSE
4059;1767603614968;1;com.whatsapp;APP_OPEN
4060;1767603619899;2;com.whatsapp;APP_CLOSE
4061;1767603619901;1;com.whatsapp;APP_OPEN
4062;1767603621271;2;com.whatsapp;APP_CLOSE
4063;1767603621273;1;com.whatsapp;APP_OPEN
4064;1767603631856;2;com.whatsapp;APP_CLOSE
4065;1767603631862;1;com.snapchat.android;APP_OPEN
4066;1767603648398;1;com.google.android.apps.nexuslauncher;APP_OPEN
4067;1767603648498;2;com.google.android.apps.nexuslauncher;APP_CLOSE
4068;1767603719300;1;com.google.android.apps.nexuslauncher;APP_OPEN
4069;1767603720019;2;com.snapchat.android;APP_CLOSE
4070;1767603720020;1;com.whatsapp;APP_OPEN
4071;1767603720064;2;com.google.android.apps.nexuslauncher;APP_CLOSE
4072;1767603722997;2;com.whatsapp;APP_CLOSE
4073;1767603723000;1;com.whatsapp;APP_OPEN
4074;1767603724265;2;com.whatsapp;APP_CLOSE
4075;1767603724266;1;com.whatsapp;APP_OPEN
4076;1767603726350;2;com.whatsapp;APP_CLOSE
4077;1767603726352;1;com.whatsapp;APP_OPEN
4078;1767603727110;2;com.whatsapp;APP_CLOSE
4079;1767603727110;1;com.whatsapp;APP_OPEN
4080;1767603727922;2;com.whatsapp;APP_CLOSE
4081;1767603727925;1;com.whatsapp;APP_OPEN
4082;1767603736463;2;com.whatsapp;APP_CLOSE
4083;1767603736463;1;com.whatsapp;APP_OPEN
4084;1767603741947;2;com.whatsapp;APP_CLOSE
4085;1767603741949;1;com.whatsapp;APP_OPEN
4086;1767603745859;2;com.whatsapp;APP_CLOSE
4087;1767603745861;1;com.whatsapp;APP_OPEN
4088;1767603747599;2;com.whatsapp;APP_CLOSE
4089;1767603747602;1;com.whatsapp;APP_OPEN
4090;1767603774582;2;com.whatsapp;APP_CLOSE
4091;1767603774584;1;com.whatsapp;APP_OPEN
4092;1767603777625;2;com.whatsapp;APP_CLOSE
4093;1767603777628;1;com.whatsapp;APP_OPEN
4094;1767603783612;2;com.whatsapp;APP_CLOSE
4095;1767603783614;1;com.whatsapp;APP_OPEN
4096;1767603786301;2;com.whatsapp;APP_CLOSE
4097;1767603786303;1;com.whatsapp;APP_OPEN
4098;1767603787212;2;com.whatsapp;APP_CLOSE
4099;1767603787213;1;com.whatsapp;APP_OPEN
4100;1767603798709;2;com.whatsapp;APP_CLOSE
4101;1767603798710;1;com.whatsapp;APP_OPEN
4102;1767603814782;2;com.whatsapp;APP_CLOSE
4103;1767603814785;1;com.whatsapp;APP_OPEN
4104;1767603834521;2;com.whatsapp;APP_CLOSE
4105;1767603834524;1;com.whatsapp;APP_OPEN
4106;1767603877225;2;com.whatsapp;APP_CLOSE
4107;1767603877226;1;com.whatsapp;APP_OPEN
4108;1767603892587;1;com.google.android.apps.nexuslauncher;APP_OPEN
4109;1767603893182;2;com.whatsapp;APP_CLOSE
4110;1767603894493;2;com.google.android.apps.nexuslauncher;APP_CLOSE
4111;1767603894505;1;com.instagram.android;APP_OPEN
4112;1767603951921;2;com.instagram.android;APP_CLOSE
4113;1767603951922;1;com.instagram.android;APP_OPEN
4114;1767603971989;2;com.instagram.android;APP_CLOSE
4115;1767603971990;1;com.instagram.android;APP_OPEN
4116;1767603999505;1;com.google.android.apps.nexuslauncher;APP_OPEN
4117;1767603999614;2;com.google.android.apps.nexuslauncher;APP_CLOSE
4118;1767604004973;2;com.instagram.android;APP_CLOSE
4119;1767604004976;1;com.instagram.android;APP_OPEN
4120;1767604016420;2;com.instagram.android;APP_CLOSE
4121;1767604016422;1;com.instagram.android;APP_OPEN
4122;1767604017843;1;com.google.android.apps.nexuslauncher;APP_OPEN
4123;1767604018389;2;com.instagram.android;APP_CLOSE
4124;1767604021934;2;com.google.android.apps.nexuslauncher;APP_CLOSE
4125;1767604021935;1;com.snapchat.android;APP_OPEN
4126;1767604028551;1;com.google.android.apps.nexuslauncher;APP_OPEN
4127;1767604028960;2;com.snapchat.android;APP_CLOSE
4128;1767604029341;2;com.google.android.apps.nexuslauncher;APP_CLOSE
4129;1767604030313;1;com.google.android.apps.nexuslauncher;APP_OPEN
4130;1767604030482;1;de.barmergek.serviceapp;APP_OPEN
4131;1767604031613;2;de.barmergek.serviceapp;APP_CLOSE
4132;1767604033098;2;com.google.android.apps.nexuslauncher;APP_CLOSE
4133;1767604033740;1;com.bumble.app;APP_OPEN
4134;1767604033922;2;com.bumble.app;APP_CLOSE
4135;1767604033923;1;com.bumble.app;APP_OPEN
4136;1767604049516;1;com.google.android.apps.nexuslauncher;APP_OPEN
4137;1767604050055;2;com.bumble.app;APP_CLOSE
4138;1767604052478;16;android;SCREEN_OFF
4139;1767604053008;2;com.google.android.apps.nexuslauncher;APP_CLOSE
4140;1767604053172;17;android;LOCK
4141;1767604300164;15;android;SCREEN_ON
4142;1767604310164;16;android;SCREEN_OFF
4143;1767604545797;15;android;SCREEN_ON
4144;1767604555793;16;android;SCREEN_OFF
4145;1767604619140;15;android;SCREEN_ON
4146;1767604623662;1;com.google.android.apps.nexuslauncher;APP_OPEN
4147;1767604624093;18;android;UNLOCK
4148;1767604630599;2;com.google.android.apps.nexuslauncher;APP_CLOSE
4149;1767604630600;1;com.whatsapp;APP_OPEN
4150;1767604634030;2;com.whatsapp;APP_CLOSE
4151;1767604634032;1;com.whatsapp;APP_OPEN
4152;1767604646967;2;com.whatsapp;APP_CLOSE
4153;1767604646969;1;com.whatsapp;APP_OPEN
4154;1767604648975;2;com.whatsapp;APP_CLOSE
4155;1767604648978;1;com.whatsapp;APP_OPEN
4156;1767604655105;2;com.whatsapp;APP_CLOSE
4157;1767604655106;1;com.whatsapp;APP_OPEN
4158;1767604655889;1;com.google.android.apps.nexuslauncher;APP_OPEN
4159;1767604656450;2;com.whatsapp;APP_CLOSE
4160;1767604775969;16;android;SCREEN_OFF
4161;1767604776531;2;com.google.android.apps.nexuslauncher;APP_CLOSE
4162;1767604781412;17;android;LOCK
4163;1767604966179;15;android;SCREEN_ON
4164;1767604969819;1;com.google.android.apps.nexuslauncher;APP_OPEN
4165;1767604970248;18;android;UNLOCK
4166;1767604978550;16;android;SCREEN_OFF
4167;1767604979073;2;com.google.android.apps.nexuslauncher;APP_CLOSE
4168;1767604979236;17;android;LOCK
4169;1767605904882;15;android;SCREEN_ON
4170;1767605914884;16;android;SCREEN_OFF
4171;1767606000508;15;android;SCREEN_ON
4172;1767606010507;16;android;SCREEN_OFF
4173;1767606884036;15;android;SCREEN_ON
4174;1767606900234;16;android;SCREEN_OFF
4175;1767607200064;15;android;SCREEN_ON
4176;1767607203629;16;android;SCREEN_OFF
4177;1767607253108;15;android;SCREEN_ON
4178;1767607256906;1;com.google.android.apps.nexuslauncher;APP_OPEN
4179;1767607257355;18;android;UNLOCK
4180;1767607274979;2;com.google.android.apps.nexuslauncher;APP_CLOSE
4181;1767607274981;1;com.bumble.app;APP_OPEN
4182;1767607275674;2;com.bumble.app;APP_CLOSE
4183;1767607275678;1;com.google.android.apps.nexuslauncher;APP_OPEN
4184;1767607277461;16;android;SCREEN_OFF
4185;1767607277978;2;com.google.android.apps.nexuslauncher;APP_CLOSE
4186;1767607278133;17;android;LOCK
4187;1767607284573;15;android;SCREEN_ON
4188;1767607287454;1;com.google.android.apps.nexuslauncher;APP_OPEN
4189;1767607287867;18;android;UNLOCK
4190;1767607295485;2;com.google.android.apps.nexuslauncher;APP_CLOSE
4191;1767607295486;1;com.snapchat.android;APP_OPEN
4192;1767607448607;1;com.google.android.apps.nexuslauncher;APP_OPEN
4193;1767607449207;2;com.snapchat.android;APP_CLOSE
4194;1767607449341;16;android;SCREEN_OFF
4195;1767607449814;2;com.google.android.apps.nexuslauncher;APP_CLOSE
4196;1767607450022;17;android;LOCK
4197;1767608200546;15;android;SCREEN_ON
4198;1767608202973;1;com.google.android.apps.nexuslauncher;APP_OPEN
4199;1767608203399;18;android;UNLOCK
4200;1767608205295;2;com.google.android.apps.nexuslauncher;APP_CLOSE
4201;1767608205298;1;com.whatsapp;APP_OPEN
4202;1767608206421;2;com.whatsapp;APP_CLOSE
4203;1767608206424;1;com.whatsapp;APP_OPEN
4204;1767608211634;2;com.whatsapp;APP_CLOSE
4205;1767608211638;1;com.whatsapp;APP_OPEN
4206;1767608377525;2;com.whatsapp;APP_CLOSE
4207;1767608377528;1;com.whatsapp;APP_OPEN
4208;1767608378860;2;com.whatsapp;APP_CLOSE
4209;1767608378861;1;com.whatsapp;APP_OPEN
4210;1767608384946;2;com.whatsapp;APP_CLOSE
4211;1767608384949;1;com.whatsapp;APP_OPEN
4212;1767608398285;2;com.whatsapp;APP_CLOSE
4213;1767608398286;1;com.whatsapp;APP_OPEN
4214;1767608401487;2;com.whatsapp;APP_CLOSE
4215;1767608401490;1;com.whatsapp;APP_OPEN
4216;1767608411716;2;com.whatsapp;APP_CLOSE
4217;1767608411717;1;com.whatsapp;APP_OPEN
4218;1767608415911;2;com.whatsapp;APP_CLOSE
4219;1767608415916;1;com.whatsapp;APP_OPEN
4220;1767608422439;2;com.whatsapp;APP_CLOSE
4221;1767608422608;1;com.google.android.apps.docs;APP_OPEN
4222;1767608448283;2;com.google.android.apps.docs;APP_CLOSE
4223;1767608448290;1;com.whatsapp;APP_OPEN
4224;1767608464427;2;com.whatsapp;APP_CLOSE
4225;1767608464428;1;com.whatsapp;APP_OPEN
4226;1767608471381;2;com.whatsapp;APP_CLOSE
4227;1767608471381;1;com.whatsapp;APP_OPEN
4228;1767608473063;2;com.whatsapp;APP_CLOSE
4229;1767608473065;1;com.whatsapp;APP_OPEN
4230;1767608475407;1;com.google.android.apps.nexuslauncher;APP_OPEN
4231;1767608475666;2;com.whatsapp;APP_CLOSE
4232;1767608477041;2;com.google.android.apps.nexuslauncher;APP_CLOSE
4233;1767608477049;1;com.snapchat.android;APP_OPEN
4234;1767608668520;2;com.snapchat.android;APP_CLOSE
4235;1767608668524;1;com.google.android.apps.nexuslauncher;APP_OPEN
4236;1767608669985;2;com.google.android.apps.nexuslauncher;APP_CLOSE
4237;1767608669992;1;com.bumble.app;APP_OPEN
4238;1767608670162;2;com.bumble.app;APP_CLOSE
4239;1767608670163;1;com.bumble.app;APP_OPEN
4240;1767608675171;2;com.bumble.app;APP_CLOSE
4241;1767608675173;1;com.bumble.app;APP_OPEN
4242;1767608676727;2;com.bumble.app;APP_CLOSE
4243;1767608676729;1;com.bumble.app;APP_OPEN
4244;1767608690402;1;com.google.android.apps.nexuslauncher;APP_OPEN
4245;1767608690948;2;com.bumble.app;APP_CLOSE
4246;1767608693299;2;com.google.android.apps.nexuslauncher;APP_CLOSE
4247;1767608693302;1;com.snapchat.android;APP_OPEN
4248;1767608916143;2;com.snapchat.android;APP_CLOSE
4249;1767608916152;1;com.whatsapp;APP_OPEN
4250;1767608928996;2;com.whatsapp;APP_CLOSE
4251;1767608928997;1;com.whatsapp;APP_OPEN
4252;1767608929628;1;com.google.android.apps.nexuslauncher;APP_OPEN
4253;1767608930275;2;com.whatsapp;APP_CLOSE
4254;1767608930278;1;com.snapchat.android;APP_OPEN
4255;1767608930327;2;com.google.android.apps.nexuslauncher;APP_CLOSE
4256;1767609533799;2;com.snapchat.android;APP_CLOSE
4257;1767609533803;1;com.whatsapp;APP_OPEN
4258;1767609568200;1;com.google.android.apps.nexuslauncher;APP_OPEN
4259;1767609568740;2;com.whatsapp;APP_CLOSE
4260;1767609568869;2;com.google.android.apps.nexuslauncher;APP_CLOSE
4261;1767609569174;1;de.hafas.android.db;APP_OPEN
4262;1767609577221;1;com.google.android.apps.nexuslauncher;APP_OPEN
4263;1767609577925;2;de.hafas.android.db;APP_CLOSE
4264;1767609577927;1;com.whatsapp;APP_OPEN
4265;1767609577977;2;com.google.android.apps.nexuslauncher;APP_CLOSE
4266;1767609596089;2;com.whatsapp;APP_CLOSE
4267;1767609596090;1;com.whatsapp;APP_OPEN
4268;1767609598061;2;com.whatsapp;APP_CLOSE
4269;1767609598063;1;com.whatsapp;APP_OPEN
4270;1767609639358;2;com.whatsapp;APP_CLOSE
4271;1767609639361;1;com.whatsapp;APP_OPEN
4272;1767609664838;1;com.google.android.apps.nexuslauncher;APP_OPEN
4273;1767609665491;2;com.whatsapp;APP_CLOSE
4274;1767609665498;1;de.hafas.android.db;APP_OPEN
4275;1767609665535;2;com.google.android.apps.nexuslauncher;APP_CLOSE
4276;1767609666622;1;com.google.android.apps.nexuslauncher;APP_OPEN
4277;1767609667206;2;de.hafas.android.db;APP_CLOSE
4278;1767609667213;1;com.snapchat.android;APP_OPEN
4279;1767609667252;2;com.google.android.apps.nexuslauncher;APP_CLOSE
4280;1767609749986;2;com.snapchat.android;APP_CLOSE
4281;1767609750008;1;com.whatsapp;APP_OPEN
4282;1767609817618;1;com.google.android.apps.nexuslauncher;APP_OPEN
4283;1767609818184;2;com.whatsapp;APP_CLOSE
4284;1767609818439;2;com.google.android.apps.nexuslauncher;APP_CLOSE
4285;1767609818442;1;de.hafas.android.db;APP_OPEN
4286;1767609901576;2;de.hafas.android.db;APP_CLOSE
4287;1767609901579;1;de.hafas.android.db;APP_OPEN
4288;1767609923298;2;de.hafas.android.db;APP_CLOSE
4289;1767609923298;1;de.hafas.android.db;APP_OPEN
4290;1767609982037;1;com.google.android.apps.nexuslauncher;APP_OPEN
4291;1767609982615;2;de.hafas.android.db;APP_CLOSE
4292;1767609982620;1;com.snapchat.android;APP_OPEN
4293;1767609982671;2;com.google.android.apps.nexuslauncher;APP_CLOSE
4294;1767610055743;1;com.google.android.apps.nexuslauncher;APP_OPEN
4295;1767610056002;2;com.snapchat.android;APP_CLOSE
4296;1767610056893;2;com.google.android.apps.nexuslauncher;APP_CLOSE
4297;1767610056905;1;com.google.android.gm;APP_OPEN
4298;1767610117600;1;com.google.android.apps.nexuslauncher;APP_OPEN
4299;1767610118484;2;com.google.android.gm;APP_CLOSE
4300;1767610118487;1;com.snapchat.android;APP_OPEN
4301;1767610118531;2;com.google.android.apps.nexuslauncher;APP_CLOSE
4302;1767610136474;1;com.google.android.apps.nexuslauncher;APP_OPEN
4303;1767610136573;2;com.google.android.apps.nexuslauncher;APP_CLOSE
4304;1767610151862;1;com.google.android.apps.nexuslauncher;APP_OPEN
4305;1767610152028;2;com.google.android.apps.nexuslauncher;APP_CLOSE
4306;1767610474309;2;com.snapchat.android;APP_CLOSE
4307;1767610474311;1;com.google.android.apps.nexuslauncher;APP_OPEN
4308;1767610476963;2;com.google.android.apps.nexuslauncher;APP_CLOSE
4309;1767610476964;1;com.snapchat.android;APP_OPEN
4310;1767610479784;1;com.google.android.apps.nexuslauncher;APP_OPEN
4311;1767610480036;2;com.snapchat.android;APP_CLOSE
4312;1767610481281;2;com.google.android.apps.nexuslauncher;APP_CLOSE
4313;1767610481576;1;com.mttnow.android.etihad;APP_OPEN
4314;1767610482463;2;com.mttnow.android.etihad;APP_CLOSE
4315;1767610482464;1;com.mttnow.android.etihad;APP_OPEN
4316;1767610482992;2;com.mttnow.android.etihad;APP_CLOSE
4317;1767610482993;1;com.mttnow.android.etihad;APP_OPEN
4318;1767610483004;1;com.google.android.apps.nexuslauncher;APP_OPEN
4319;1767610483397;2;com.mttnow.android.etihad;APP_CLOSE
4320;1767610483398;1;com.mttnow.android.etihad;APP_OPEN
4321;1767610484159;2;com.mttnow.android.etihad;APP_CLOSE
4322;1767610487287;2;com.google.android.apps.nexuslauncher;APP_CLOSE
4323;1767610487289;1;com.instagram.android;APP_OPEN
4324;1767610487843;2;com.instagram.android;APP_CLOSE
4325;1767610487847;1;com.instagram.android;APP_OPEN
4326;1767610547883;2;com.instagram.android;APP_CLOSE
4327;1767610547887;1;com.instagram.android;APP_OPEN
4328;1767610567580;2;com.instagram.android;APP_CLOSE
4329;1767610567581;1;com.instagram.android;APP_OPEN
4330;1767610577183;1;com.google.android.apps.nexuslauncher;APP_OPEN
4331;1767610577740;2;com.instagram.android;APP_CLOSE
4332;1767610577809;2;com.google.android.apps.nexuslauncher;APP_CLOSE
4333;1767610577827;1;com.android.chrome;APP_OPEN
4334;1767610662305;1;com.google.android.apps.nexuslauncher;APP_OPEN
4335;1767610662787;2;com.android.chrome;APP_CLOSE
4336;1767610679218;2;com.google.android.apps.nexuslauncher;APP_CLOSE
4337;1767610679378;1;com.google.android.apps.nbu.files;APP_OPEN
4338;1767610681324;2;com.google.android.apps.nbu.files;APP_CLOSE
4339;1767610681330;1;com.google.android.apps.nbu.files;APP_OPEN
4340;1767610692711;2;com.google.android.apps.nbu.files;APP_CLOSE
4341;1767610692714;1;com.google.android.apps.nbu.files;APP_OPEN
4342;1767610717619;2;com.google.android.apps.nbu.files;APP_CLOSE
4343;1767610717621;1;com.google.android.apps.nbu.files;APP_OPEN
4344;1767610721844;2;com.google.android.apps.nbu.files;APP_CLOSE
4345;1767610721844;1;com.google.android.apps.nbu.files;APP_OPEN
4346;1767610722682;1;com.google.android.apps.nexuslauncher;APP_OPEN
4347;1767610723457;2;com.google.android.apps.nbu.files;APP_CLOSE
4348;1767610723558;2;com.google.android.apps.nexuslauncher;APP_CLOSE
4349;1767610723559;1;com.android.chrome;APP_OPEN
4350;1767610725612;1;com.google.android.apps.nexuslauncher;APP_OPEN
4351;1767610726239;2;com.android.chrome;APP_CLOSE
4352;1767610726243;1;com.instagram.android;APP_OPEN
4353;1767610726287;2;com.google.android.apps.nexuslauncher;APP_CLOSE
4354;1767610729057;2;com.instagram.android;APP_CLOSE
4355;1767610729059;1;com.instagram.android;APP_OPEN
4356;1767610730372;2;com.instagram.android;APP_CLOSE
4357;1767610730374;1;com.instagram.android;APP_OPEN
4358;1767610731489;2;com.instagram.android;APP_CLOSE
4359;1767610731492;1;com.instagram.android;APP_OPEN
4360;1767610732588;2;com.instagram.android;APP_CLOSE
4361;1767610732589;1;com.instagram.android;APP_OPEN
4362;1767610753752;2;com.instagram.android;APP_CLOSE
4363;1767610753754;1;com.instagram.android;APP_OPEN
4364;1767610755485;2;com.instagram.android;APP_CLOSE
4365;1767610755488;1;com.instagram.android;APP_OPEN
4366;1767611113726;1;com.google.android.apps.nexuslauncher;APP_OPEN
4367;1767611113810;2;com.google.android.apps.nexuslauncher;APP_CLOSE
4368;1767611165112;2;com.instagram.android;APP_CLOSE
4369;1767611165118;1;com.instagram.android;APP_OPEN
4370;1767611193140;2;com.instagram.android;APP_CLOSE
4371;1767611193149;1;com.instagram.android;APP_OPEN
4372;1767611194199;2;com.instagram.android;APP_CLOSE
4373;1767611194200;1;com.instagram.android;APP_OPEN
4374;1767611195062;2;com.instagram.android;APP_CLOSE
4375;1767611195069;1;com.instagram.android;APP_OPEN
4376;1767611204185;2;com.instagram.android;APP_CLOSE
4377;1767611204186;1;com.instagram.android;APP_OPEN
4378;1767611330369;2;com.instagram.android;APP_CLOSE
4379;1767611330375;1;com.instagram.android;APP_OPEN
4380;1767611335473;2;com.instagram.android;APP_CLOSE
4381;1767611335474;1;com.instagram.android;APP_OPEN
4382;1767611336398;2;com.instagram.android;APP_CLOSE
4383;1767611336399;1;com.instagram.android;APP_OPEN
4384;1767611773555;1;com.google.android.apps.nexuslauncher;APP_OPEN
4385;1767611774028;2;com.google.android.apps.nexuslauncher;APP_CLOSE
4386;1767611774080;1;com.google.android.apps.nexuslauncher;APP_OPEN
4387;1767611774605;2;com.instagram.android;APP_CLOSE
4388;1767611774907;16;android;SCREEN_OFF
4389;1767611775430;2;com.google.android.apps.nexuslauncher;APP_CLOSE
4390;1767611775590;17;android;LOCK
4391;1767611942286;15;android;SCREEN_ON
4392;1767611946842;1;com.google.android.apps.nexuslauncher;APP_OPEN
4393;1767611947279;18;android;UNLOCK
4394;1767611952068;2;com.google.android.apps.nexuslauncher;APP_CLOSE
4395;1767611952071;1;com.google.android.gm;APP_OPEN
4396;1767611967007;2;com.google.android.gm;APP_CLOSE
4397;1767611967009;1;com.google.android.apps.nexuslauncher;APP_OPEN
4398;1767611968620;16;android;SCREEN_OFF
4399;1767611969136;2;com.google.android.apps.nexuslauncher;APP_CLOSE
4400;1767611969289;17;android;LOCK
4401;1767612091472;15;android;SCREEN_ON
4402;1767612094853;1;com.google.android.apps.nexuslauncher;APP_OPEN
4403;1767612095269;18;android;UNLOCK
4404;1767612096817;2;com.google.android.apps.nexuslauncher;APP_CLOSE
4405;1767612096818;1;com.instagram.android;APP_OPEN
4406;1767612108178;1;com.google.android.apps.nexuslauncher;APP_OPEN
4407;1767612108254;2;com.google.android.apps.nexuslauncher;APP_CLOSE
4408;1767612682606;1;com.google.android.apps.nexuslauncher;APP_OPEN
4409;1767612683809;2;com.instagram.android;APP_CLOSE
4410;1767612685374;16;android;SCREEN_OFF
4411;1767612685901;2;com.google.android.apps.nexuslauncher;APP_CLOSE
4412;1767612686066;17;android;LOCK
4413;1767612708766;15;android;SCREEN_ON
4414;1767612709960;1;com.google.android.apps.nexuslauncher;APP_OPEN
4415;1767612710403;18;android;UNLOCK
4416;1767612713318;2;com.google.android.apps.nexuslauncher;APP_CLOSE
4417;1767612713323;1;com.whatsapp;APP_OPEN
4418;1767612717321;2;com.whatsapp;APP_CLOSE
4419;1767612717325;1;com.whatsapp;APP_OPEN
4420;1767612722773;2;com.whatsapp;APP_CLOSE
4421;1767612722775;1;com.whatsapp;APP_OPEN
4422;1767612726323;1;com.google.android.apps.nexuslauncher;APP_OPEN
4423;1767612726851;2;com.whatsapp;APP_CLOSE
4424;1767612767633;2;com.google.android.apps.nexuslauncher;APP_CLOSE
4425;1767612767636;1;de.hafas.android.db;APP_OPEN
4426;1767612776831;1;com.google.android.apps.nexuslauncher;APP_OPEN
4427;1767612777776;2;de.hafas.android.db;APP_CLOSE
4428;1767612778385;16;android;SCREEN_OFF
4429;1767612778878;2;com.google.android.apps.nexuslauncher;APP_CLOSE
4430;1767612779046;17;android;LOCK
4431;1767613124888;15;android;SCREEN_ON
4432;1767613126340;1;com.google.android.apps.nexuslauncher;APP_OPEN
4433;1767613126789;18;android;UNLOCK
4434;1767613127802;2;com.google.android.apps.nexuslauncher;APP_CLOSE
4435;1767613127803;1;com.android.chrome;APP_OPEN
4436;1767613132943;2;com.android.chrome;APP_CLOSE
4437;1767613132946;1;com.android.chrome;APP_OPEN
4438;1767613139598;2;com.android.chrome;APP_CLOSE
4439;1767613139602;1;com.android.chrome;APP_OPEN
4440;1767613145057;1;com.google.android.apps.nexuslauncher;APP_OPEN
4441;1767613145522;2;com.android.chrome;APP_CLOSE
4442;1767613151328;2;com.google.android.apps.nexuslauncher;APP_CLOSE
4443;1767613151331;1;com.google.android.apps.nexuslauncher;APP_OPEN
4444;1767613151357;2;com.google.android.apps.nexuslauncher;APP_CLOSE
4445;1767613151357;1;com.android.settings;APP_OPEN
4446;1767613151413;2;com.android.settings;APP_CLOSE
4447;1767613151415;1;com.android.settings;APP_OPEN
4448;1767613153812;2;com.android.settings;APP_CLOSE
4449;1767613153814;1;com.android.settings;APP_OPEN
4450;1767613156195;2;com.android.settings;APP_CLOSE
4451;1767613156198;1;com.google.android.gms;APP_OPEN
4452;1767613156403;2;com.google.android.gms;APP_CLOSE
4453;1767613156406;1;com.google.android.gms;APP_OPEN
4454;1767613156446;2;com.google.android.gms;APP_CLOSE
4455;1767613156447;1;com.google.android.gms;APP_OPEN
4456;1767613163646;2;com.google.android.gms;APP_CLOSE
4457;1767613163666;1;com.android.settings;APP_OPEN
4458;1767613177080;2;com.android.settings;APP_CLOSE
4459;1767613177082;1;com.google.android.gms;APP_OPEN
4460;1767613177104;2;com.google.android.gms;APP_CLOSE
4461;1767613177109;1;com.google.android.gms;APP_OPEN
4462;1767613177126;2;com.google.android.gms;APP_CLOSE
4463;1767613177128;1;com.google.android.gms;APP_OPEN
4464;1767613178598;2;com.google.android.gms;APP_CLOSE
4465;1767613178598;1;com.android.settings;APP_OPEN
4466;1767613179611;2;com.android.settings;APP_CLOSE
4467;1767613179613;1;com.google.android.gms;APP_OPEN
4468;1767613179632;2;com.google.android.gms;APP_CLOSE
4469;1767613179637;1;com.google.android.gms;APP_OPEN
4470;1767613179654;2;com.google.android.gms;APP_CLOSE
4471;1767613179656;1;com.google.android.gms;APP_OPEN
4472;1767613183078;2;com.google.android.gms;APP_CLOSE
4473;1767613183079;1;com.android.settings;APP_OPEN
4474;1767613185807;2;com.android.settings;APP_CLOSE
4475;1767613185808;1;com.android.settings;APP_OPEN
4476;1767613186754;1;com.google.android.apps.nexuslauncher;APP_OPEN
4477;1767613187317;2;com.android.settings;APP_CLOSE
4478;1767613187789;2;com.google.android.apps.nexuslauncher;APP_CLOSE
4479;1767613187792;1;com.android.chrome;APP_OPEN
4480;1767613514224;1;com.google.android.apps.nexuslauncher;APP_OPEN
4481;1767613515357;2;com.android.chrome;APP_CLOSE
4482;1767613537951;16;android;SCREEN_OFF
4483;1767613538514;2;com.google.android.apps.nexuslauncher;APP_CLOSE
4484;1767613538667;17;android;LOCK
4485;1767614314592;15;android;SCREEN_ON
4486;1767614319539;1;com.google.android.apps.nexuslauncher;APP_OPEN
4487;1767614319981;18;android;UNLOCK
4488;1767614321139;2;com.google.android.apps.nexuslauncher;APP_CLOSE
4489;1767614321146;1;com.whatsapp;APP_OPEN
4490;1767614329062;2;com.whatsapp;APP_CLOSE
4491;1767614329065;1;com.whatsapp;APP_OPEN
4492;1767614410776;2;com.whatsapp;APP_CLOSE
4493;1767614410779;1;com.whatsapp;APP_OPEN
4494;1767614411704;2;com.whatsapp;APP_CLOSE
4495;1767614411707;1;com.whatsapp;APP_OPEN
4496;1767614414106;1;com.google.android.apps.nexuslauncher;APP_OPEN
4497;1767614414673;2;com.whatsapp;APP_CLOSE
4498;1767614513670;2;com.google.android.apps.nexuslauncher;APP_CLOSE
4499;1767614513677;1;com.whatsapp;APP_OPEN
4500;1767614529727;2;com.whatsapp;APP_CLOSE
4501;1767614529728;1;com.whatsapp;APP_OPEN
4502;1767614532653;2;com.whatsapp;APP_CLOSE
4503;1767614532655;1;com.whatsapp;APP_OPEN
4504;1767614534658;2;com.whatsapp;APP_CLOSE
4505;1767614534662;1;com.whatsapp;APP_OPEN
4506;1767614536025;1;com.google.android.apps.nexuslauncher;APP_OPEN
4507;1767614536573;2;com.whatsapp;APP_CLOSE
4508;1767614536575;1;com.android.chrome;APP_OPEN
4509;1767614537070;2;com.google.android.apps.nexuslauncher;APP_CLOSE
4510;1767614537104;1;com.google.android.apps.nexuslauncher;APP_OPEN
4511;1767614538909;2;com.android.chrome;APP_CLOSE
4512;1767614538910;1;com.whatsapp;APP_OPEN
4513;1767614539307;2;com.google.android.apps.nexuslauncher;APP_CLOSE
4514;1767614539451;1;com.google.android.apps.nexuslauncher;APP_OPEN
4515;1767614539901;2;com.whatsapp;APP_CLOSE
4516;1767614540866;2;com.google.android.apps.nexuslauncher;APP_CLOSE
4517;1767614540869;1;com.instagram.android;APP_OPEN
4518;1767614546976;2;com.instagram.android;APP_CLOSE
4519;1767614546978;1;com.instagram.android;APP_OPEN
4520;1767614547841;2;com.instagram.android;APP_CLOSE
4521;1767614547842;1;com.instagram.android;APP_OPEN
4522;1767614567779;1;com.google.android.apps.nexuslauncher;APP_OPEN
4523;1767614568351;2;com.instagram.android;APP_CLOSE
4524;1767614568354;2;com.google.android.apps.nexuslauncher;APP_CLOSE
4525;1767614568367;1;com.whatsapp;APP_OPEN
4526;1767614622889;1;com.google.android.apps.nexuslauncher;APP_OPEN
4527;1767614623455;2;com.whatsapp;APP_CLOSE
4528;1767614624186;2;com.google.android.apps.nexuslauncher;APP_CLOSE
4529;1767614624188;1;de.hafas.android.db;APP_OPEN
4530;1767614757689;1;com.google.android.apps.nexuslauncher;APP_OPEN
4531;1767614758319;2;de.hafas.android.db;APP_CLOSE
4532;1767614758322;1;com.instagram.android;APP_OPEN
4533;1767614758367;2;com.google.android.apps.nexuslauncher;APP_CLOSE
4534;1767614776521;1;com.google.android.apps.nexuslauncher;APP_OPEN
4535;1767614777103;2;com.instagram.android;APP_CLOSE
4536;1767614780050;2;com.google.android.apps.nexuslauncher;APP_CLOSE
4537;1767614780056;1;com.whatsapp;APP_OPEN
4538;1767614792359;1;com.google.android.apps.nexuslauncher;APP_OPEN
4539;1767614792973;2;com.whatsapp;APP_CLOSE
4540;1767614792976;1;com.instagram.android;APP_OPEN
4541;1767614793038;2;com.google.android.apps.nexuslauncher;APP_CLOSE
4542;1767614965983;1;com.google.android.apps.nexuslauncher;APP_OPEN
4543;1767614966526;2;com.instagram.android;APP_CLOSE
4544;1767614966536;1;de.hafas.android.db;APP_OPEN
4545;1767614966586;2;com.google.android.apps.nexuslauncher;APP_CLOSE
4546;1767614996266;1;com.google.android.apps.nexuslauncher;APP_OPEN
4547;1767614996822;2;de.hafas.android.db;APP_CLOSE
4548;1767614996823;1;com.instagram.android;APP_OPEN
4549;1767614996868;2;com.google.android.apps.nexuslauncher;APP_CLOSE
4550;1767615116328;16;android;SCREEN_OFF
4551;1767615116896;2;com.instagram.android;APP_CLOSE
4552;1767615121172;15;android;SCREEN_ON
4553;1767615121221;1;com.instagram.android;APP_OPEN
4554;1767615420366;1;com.google.android.apps.nexuslauncher;APP_OPEN
4555;1767615420694;2;com.instagram.android;APP_CLOSE
4556;1767615421472;2;com.google.android.apps.nexuslauncher;APP_CLOSE
4557;1767615421473;1;com.whatsapp;APP_OPEN
4558;1767615422465;2;com.whatsapp;APP_CLOSE
4559;1767615422467;1;com.whatsapp;APP_OPEN
4560;1767615465472;2;com.whatsapp;APP_CLOSE
4561;1767615465473;1;com.whatsapp;APP_OPEN
4562;1767615466268;2;com.whatsapp;APP_CLOSE
4563;1767615466270;1;com.whatsapp;APP_OPEN
4564;1767615523496;2;com.whatsapp;APP_CLOSE
4565;1767615523496;1;com.whatsapp;APP_OPEN
4566;1767615528646;1;com.google.android.apps.nexuslauncher;APP_OPEN
4567;1767615529401;2;com.whatsapp;APP_CLOSE
4568;1767615529406;1;com.instagram.android;APP_OPEN
4569;1767615529446;2;com.google.android.apps.nexuslauncher;APP_CLOSE
4570;1767615634888;1;com.google.android.apps.nexuslauncher;APP_OPEN
4571;1767615635102;2;com.instagram.android;APP_CLOSE
4572;1767615635882;2;com.google.android.apps.nexuslauncher;APP_CLOSE
4573;1767615635886;1;com.whatsapp;APP_OPEN
4574;1767615702151;2;com.whatsapp;APP_CLOSE
4575;1767615702152;1;com.whatsapp;APP_OPEN
4576;1767615705096;2;com.whatsapp;APP_CLOSE
4577;1767615705099;1;com.whatsapp;APP_OPEN
4578;1767615737126;2;com.whatsapp;APP_CLOSE
4579;1767615737127;1;com.whatsapp;APP_OPEN
4580;1767615738498;1;com.google.android.apps.nexuslauncher;APP_OPEN
4581;1767615739827;2;com.whatsapp;APP_CLOSE
4582;1767615740581;16;android;SCREEN_OFF
4583;1767615741106;2;com.google.android.apps.nexuslauncher;APP_CLOSE
4584;1767615741278;17;android;LOCK
4585;1767615748143;15;android;SCREEN_ON
4586;1767615759820;16;android;SCREEN_OFF
4587;1767615759820;16;android;SCREEN_OFF
4588;1767615792677;15;android;SCREEN_ON
4589;1767615797485;16;android;SCREEN_OFF
4590;1767616042326;15;android;SCREEN_ON
4591;1767616052322;16;android;SCREEN_OFF
4592;1767616111102;15;android;SCREEN_ON
4593;1767616121102;16;android;SCREEN_OFF
4594;1767616121102;16;android;SCREEN_OFF
4595;1767617595641;15;android;SCREEN_ON
4596;1767617598199;1;com.google.android.apps.nexuslauncher;APP_OPEN
4597;1767617598788;18;android;UNLOCK
4598;1767617600192;2;com.google.android.apps.nexuslauncher;APP_CLOSE
4599;1767617600193;1;com.snapchat.android;APP_OPEN
4600;1767617600193;1;com.snapchat.android;APP_OPEN
4601;1767617698610;1;com.google.android.apps.nexuslauncher;APP_OPEN
4602;1767617698686;2;com.google.android.apps.nexuslauncher;APP_CLOSE
4603;1767617893238;1;com.google.android.apps.nexuslauncher;APP_OPEN
4604;1767617893610;2;com.snapchat.android;APP_CLOSE
4605;1767617896414;2;com.google.android.apps.nexuslauncher;APP_CLOSE
4606;1767617896728;1;com.google.android.gms;APP_OPEN
4607;1767617896848;2;com.google.android.gms;APP_CLOSE
4608;1767617896849;1;com.google.android.gms;APP_OPEN
4609;1767617897656;2;com.google.android.gms;APP_CLOSE
4610;1767617897658;1;com.google.android.apps.restore;APP_OPEN
4611;1767617897801;2;com.google.android.apps.restore;APP_CLOSE
4612;1767617897804;1;com.google.android.apps.restore;APP_OPEN
4613;1767617906262;2;com.google.android.apps.restore;APP_CLOSE
4614;1767617906263;1;com.google.android.apps.restore;APP_OPEN
4615;1767617907545;2;com.google.android.apps.restore;APP_CLOSE
4616;1767617907549;1;com.google.android.apps.restore;APP_OPEN
4617;1767617911271;2;com.google.android.apps.restore;APP_CLOSE
4618;1767617911272;1;com.google.android.gms;APP_OPEN
4619;1767617914831;2;com.google.android.gms;APP_CLOSE
4620;1767617914840;1;com.google.android.apps.nexuslauncher;APP_OPEN
4621;1767617916400;2;com.google.android.apps.nexuslauncher;APP_CLOSE
4622;1767617916404;1;com.ebay.kleinanzeigen;APP_OPEN
4623;1767617916866;2;com.ebay.kleinanzeigen;APP_CLOSE
4624;1767617916868;1;com.ebay.kleinanzeigen;APP_OPEN
4625;1767617917231;2;com.ebay.kleinanzeigen;APP_CLOSE
4626;1767617917233;1;com.ebay.kleinanzeigen;APP_OPEN
4627;1767617924648;2;com.ebay.kleinanzeigen;APP_CLOSE
4628;1767617924651;1;com.ebay.kleinanzeigen;APP_OPEN
4629;1767617958667;1;com.google.android.apps.nexuslauncher;APP_OPEN
4630;1767617959112;2;com.google.android.apps.nexuslauncher;APP_CLOSE
4631;1767617959225;2;com.ebay.kleinanzeigen;APP_CLOSE
4632;1767617959226;1;com.google.android.googlequicksearchbox;APP_OPEN
4633;1767617964782;2;com.google.android.googlequicksearchbox;APP_CLOSE
4634;1767617964801;1;com.ebay.kleinanzeigen;APP_OPEN
4635;1767617966101;2;com.ebay.kleinanzeigen;APP_CLOSE
4636;1767617966102;1;com.ebay.kleinanzeigen;APP_OPEN
4637;1767617969310;2;com.ebay.kleinanzeigen;APP_CLOSE
4638;1767617969313;1;com.ebay.kleinanzeigen;APP_OPEN
4639;1767617983343;2;com.ebay.kleinanzeigen;APP_CLOSE
4640;1767617983346;1;com.ebay.kleinanzeigen;APP_OPEN
4641;1767617990673;2;com.ebay.kleinanzeigen;APP_CLOSE
4642;1767617990676;1;com.ebay.kleinanzeigen;APP_OPEN
4643;1767618009171;1;com.google.android.apps.nexuslauncher;APP_OPEN
4644;1767618009621;2;com.google.android.apps.nexuslauncher;APP_CLOSE
4645;1767618009723;2;com.ebay.kleinanzeigen;APP_CLOSE
4646;1767618009724;1;com.google.android.googlequicksearchbox;APP_OPEN
4647;1767618027669;2;com.google.android.googlequicksearchbox;APP_CLOSE
4648;1767618027687;1;com.ebay.kleinanzeigen;APP_OPEN
4649;1767618027874;2;com.ebay.kleinanzeigen;APP_CLOSE
4650;1767618027875;1;com.ebay.kleinanzeigen;APP_OPEN
4651;1767618031350;2;com.ebay.kleinanzeigen;APP_CLOSE
4652;1767618031353;1;com.ebay.kleinanzeigen;APP_OPEN
4653;1767618101015;1;com.google.android.apps.nexuslauncher;APP_OPEN
4654;1767618101467;2;com.google.android.apps.nexuslauncher;APP_CLOSE
4655;1767618101537;2;com.ebay.kleinanzeigen;APP_CLOSE
4656;1767618101538;1;com.google.android.googlequicksearchbox;APP_OPEN
4657;1767618105933;2;com.google.android.googlequicksearchbox;APP_CLOSE
4658;1767618105947;1;com.ebay.kleinanzeigen;APP_OPEN
4659;1767618136810;1;com.google.android.apps.nexuslauncher;APP_OPEN
4660;1767618137357;2;com.ebay.kleinanzeigen;APP_CLOSE
4661;1767618137366;1;com.google.android.gms;APP_OPEN
4662;1767618137393;2;com.google.android.apps.nexuslauncher;APP_CLOSE
4663;1767618137460;2;com.google.android.gms;APP_CLOSE
4664;1767618137461;1;com.google.android.gms;APP_OPEN
4665;1767618137794;1;com.google.android.apps.nexuslauncher;APP_OPEN
4666;1767618138348;2;com.google.android.gms;APP_CLOSE
4667;1767618139829;16;android;SCREEN_OFF
4668;1767618140365;2;com.google.android.apps.nexuslauncher;APP_CLOSE
4669;1767618140533;17;android;LOCK
4670;1767618140533;17;android;LOCK
4671;1767619051092;15;android;SCREEN_ON
4672;1767619061088;16;android;SCREEN_OFF
4673;1767619061088;16;android;SCREEN_OFF
4674;1767620189940;15;android;SCREEN_ON
4675;1767620194949;1;com.google.android.apps.nexuslauncher;APP_OPEN
4676;1767620195444;18;android;UNLOCK
4677;1767620197491;2;com.google.android.apps.nexuslauncher;APP_CLOSE
4678;1767620197495;1;com.snapchat.android;APP_OPEN
4679;1767620383207;1;com.google.android.apps.nexuslauncher;APP_OPEN
4680;1767620383678;2;com.google.android.apps.nexuslauncher;APP_CLOSE
4681;1767620383788;2;com.snapchat.android;APP_CLOSE
4682;1767620383790;1;com.google.android.googlequicksearchbox;APP_OPEN
4683;1767620386297;2;com.google.android.googlequicksearchbox;APP_CLOSE
4684;1767620386308;1;com.snapchat.android;APP_OPEN
4685;1767620776094;1;com.google.android.apps.nexuslauncher;APP_OPEN
4686;1767620776657;2;com.snapchat.android;APP_CLOSE
4687;1767620777555;16;android;SCREEN_OFF
4688;1767620778113;2;com.google.android.apps.nexuslauncher;APP_CLOSE
4689;1767620778261;17;android;LOCK
4690;1767620914433;15;android;SCREEN_ON
4691;1767620920820;1;com.google.android.apps.nexuslauncher;APP_OPEN
4692;1767620921251;18;android;UNLOCK
4693;1767620928848;2;com.google.android.apps.nexuslauncher;APP_CLOSE
4694;1767620928849;1;com.google.android.apps.nexuslauncher;APP_OPEN
4695;1767620928867;2;com.google.android.apps.nexuslauncher;APP_CLOSE
4696;1767620928869;1;com.android.settings;APP_OPEN
4697;1767620928940;2;com.android.settings;APP_CLOSE
4698;1767620928943;1;com.android.settings;APP_OPEN
4699;1767620934003;2;com.android.settings;APP_CLOSE
4700;1767620934007;1;com.android.settings;APP_OPEN
4701;1767620935037;2;com.android.settings;APP_CLOSE
4702;1767620935040;1;com.android.settings;APP_OPEN
4703;1767620955982;2;com.android.settings;APP_CLOSE
4704;1767620955984;1;com.android.settings;APP_OPEN
4705;1767620958629;1;com.google.android.apps.nexuslauncher;APP_OPEN
4706;1767620959149;2;com.android.settings;APP_CLOSE
4707;1767620959954;16;android;SCREEN_OFF
4708;1767620960456;2;com.google.android.apps.nexuslauncher;APP_CLOSE
4709;1767620960615;17;android;LOCK
4710;1767620979027;15;android;SCREEN_ON
4711;1767620980229;1;com.google.android.apps.nexuslauncher;APP_OPEN
4712;1767620980691;18;android;UNLOCK
4713;1767620983251;2;com.google.android.apps.nexuslauncher;APP_CLOSE
4714;1767620983255;1;com.snapchat.android;APP_OPEN
4715;1767620984894;1;com.google.android.apps.nexuslauncher;APP_OPEN
4716;1767620985532;2;com.snapchat.android;APP_CLOSE
4717;1767620987215;2;com.google.android.apps.nexuslauncher;APP_CLOSE
4718;1767620987215;1;com.snapchat.android;APP_OPEN
4719;1767621058373;2;com.snapchat.android;APP_CLOSE
4720;1767621058850;1;com.focux.pulse;APP_OPEN
4721;1767619061088;16;android;SCREEN_OFF
4722;1767620189940;15;android;SCREEN_ON
4723;1767620194949;1;com.google.android.apps.nexuslauncher;APP_OPEN
4724;1767620195444;18;android;UNLOCK
4725;1767620197491;2;com.google.android.apps.nexuslauncher;APP_CLOSE
4726;1767620197495;1;com.snapchat.android;APP_OPEN
4727;1767620383207;1;com.google.android.apps.nexuslauncher;APP_OPEN
4728;1767620383678;2;com.google.android.apps.nexuslauncher;APP_CLOSE
4729;1767620383788;2;com.snapchat.android;APP_CLOSE
4730;1767620383790;1;com.google.android.googlequicksearchbox;APP_OPEN
4731;1767620386297;2;com.google.android.googlequicksearchbox;APP_CLOSE
4732;1767620386308;1;com.snapchat.android;APP_OPEN
4733;1767620776094;1;com.google.android.apps.nexuslauncher;APP_OPEN
4734;1767620776657;2;com.snapchat.android;APP_CLOSE
4735;1767620777555;16;android;SCREEN_OFF
4736;1767620778113;2;com.google.android.apps.nexuslauncher;APP_CLOSE
4737;1767620778261;17;android;LOCK
4738;1767620914433;15;android;SCREEN_ON
4739;1767620920820;1;com.google.android.apps.nexuslauncher;APP_OPEN
4740;1767620921251;18;android;UNLOCK
4741;1767620928848;2;com.google.android.apps.nexuslauncher;APP_CLOSE
4742;1767620928849;1;com.google.android.apps.nexuslauncher;APP_OPEN
4743;1767620928867;2;com.google.android.apps.nexuslauncher;APP_CLOSE
4744;1767620928869;1;com.android.settings;APP_OPEN
4745;1767620928940;2;com.android.settings;APP_CLOSE
4746;1767620928943;1;com.android.settings;APP_OPEN
4747;1767620934003;2;com.android.settings;APP_CLOSE
4748;1767620934007;1;com.android.settings;APP_OPEN
4749;1767620935037;2;com.android.settings;APP_CLOSE
4750;1767620935040;1;com.android.settings;APP_OPEN
4751;1767620955982;2;com.android.settings;APP_CLOSE
4752;1767620955984;1;com.android.settings;APP_OPEN
4753;1767620958629;1;com.google.android.apps.nexuslauncher;APP_OPEN
4754;1767620959149;2;com.android.settings;APP_CLOSE
4755;1767620959954;16;android;SCREEN_OFF
4756;1767620960456;2;com.google.android.apps.nexuslauncher;APP_CLOSE
4757;1767620960615;17;android;LOCK
4758;1767620979027;15;android;SCREEN_ON
4759;1767620980229;1;com.google.android.apps.nexuslauncher;APP_OPEN
4760;1767620980691;18;android;UNLOCK
4761;1767620983251;2;com.google.android.apps.nexuslauncher;APP_CLOSE
4762;1767620983255;1;com.snapchat.android;APP_OPEN
4763;1767620984894;1;com.google.android.apps.nexuslauncher;APP_OPEN
4764;1767620985532;2;com.snapchat.android;APP_CLOSE
4765;1767620987215;2;com.google.android.apps.nexuslauncher;APP_CLOSE
4766;1767620987215;1;com.snapchat.android;APP_OPEN
4767;1767621058373;2;com.snapchat.android;APP_CLOSE
4768;1767621058850;1;com.focux.pulse;APP_OPEN
4769;1767621058850;1;com.focux.pulse;APP_OPEN
4770;1767621077178;1;com.google.android.apps.nexuslauncher;APP_OPEN
4771;1767621077285;2;com.google.android.apps.nexuslauncher;APP_CLOSE
4772;1767621077761;1;com.google.android.apps.nexuslauncher;APP_OPEN
4773;1767621078368;2;com.focux.pulse;APP_CLOSE
4774;1767621084918;2;com.google.android.apps.nexuslauncher;APP_CLOSE
4775;1767621084919;1;com.focux.pulse;APP_OPEN
